,day,AAL,UAL,ANA,KLM,AFR,JAL,AXM,EZY,JST,ROU,RYR,TRA,CLX,FDX,GEC,GTI,UPS
0,2019-01-01 00:00:00+00:00,2158,1401,652,421,608,435,540,1337.0,365,96,1520.0,109,22,279,7,23,175
1,2019-01-02 00:00:00+00:00,2661,1592,655,493,656,435,529,1350.0,364,109,1898.0,115,19,529,6,65,340
2,2019-01-03 00:00:00+00:00,2602,1590,673,518,640,454,526,1410.0,361,116,1973.0,116,35,976,13,92,673
3,2019-01-04 00:00:00+00:00,2606,1594,666,501,662,463,528,1530.0,369,113,2097.0,128,27,864,16,99,609
4,2019-01-05 00:00:00+00:00,2504,1550,655,444,647,444,524,1267.0,326,112,2014.0,130,28,509,21,85,214
5,2019-01-06 00:00:00+00:00,2468,1559,646,460,683,460,534,1518.0,370,118,2061.0,132,34,264,23,75,94
6,2019-01-07 00:00:00+00:00,2544,1535,657,458,690,452,493,1297.0,365,113,1996.0,118,34,136,14,94,146
7,2019-01-08 00:00:00+00:00,2445,1410,642,279,686,442,472,908.0,369,101,1744.0,107,18,847,17,88,654
8,2019-01-09 00:00:00+00:00,2282,1369,643,483,682,435,481,824.0,358,90,1677.0,109,23,941,22,106,674
9,2019-01-10 00:00:00+00:00,2420,1369,646,471,668,437,489,984.0,369,101,1665.0,106,45,904,25,80,646
10,2019-01-11 00:00:00+00:00,2533,1439,642,462,669,422,514,1084.0,361,102,1671.0,111,38,796,21,100,547
11,2019-01-12 00:00:00+00:00,2378,1392,637,354,591,433,494,775.0,361,100,1510.0,96,32,490,29,91,219
12,2019-01-13 00:00:00+00:00,2221,1255,637,271,603,442,519,984.0,372,105,1506.0,106,32,244,24,78,98
13,2019-01-14 00:00:00+00:00,2537,1398,636,433,651,425,491,904.0,368,104,1557.0,87,37,134,28,88,130
14,2019-01-15 00:00:00+00:00,2425,1381,621,363,622,421,480,657.0,368,94,1260.0,53,27,820,22,88,626
15,2019-01-16 00:00:00+00:00,2243,1323,601,336,591,393,477,660.0,361,97,1327.0,53,26,951,20,93,650
16,2019-01-17 00:00:00+00:00,2367,1352,588,389,617,385,471,832.0,378,92,1397.0,89,43,904,29,80,626
17,2019-01-18 00:00:00+00:00,2452,1393,590,387,649,392,506,1109.0,348,101,1626.0,89,35,797,25,98,534
18,2019-01-19 00:00:00+00:00,2226,1323,585,346,575,383,477,823.0,368,95,1636.0,93,38,474,28,92,213
19,2019-01-20 00:00:00+00:00,1931,1209,587,460,626,410,509,1333.0,376,93,1834.0,124,37,225,21,66,86
20,2019-01-21 00:00:00+00:00,2421,1394,634,435,682,414,492,1168.0,363,103,1924.0,76,43,153,22,99,131
21,2019-01-22 00:00:00+00:00,2332,1404,620,408,577,406,486,808.0,367,100,1617.0,46,33,832,26,93,646
22,2019-01-23 00:00:00+00:00,2265,1419,600,456,669,408,468,790.0,359,82,1693.0,64,21,915,27,104,668
23,2019-01-24 00:00:00+00:00,2446,1430,634,414,662,393,424,1042.0,365,93,1733.0,90,44,930,25,101,658
24,2019-01-25 00:00:00+00:00,2580,1493,649,426,689,424,520,1353.0,365,96,1980.0,99,39,824,27,104,587
25,2019-01-26 00:00:00+00:00,2411,1464,620,341,592,417,481,872.0,364,104,1815.0,88,38,515,31,92,249
26,2019-01-27 00:00:00+00:00,2226,1327,630,405,640,418,508,1381.0,354,97,1923.0,117,41,252,32,80,103
27,2019-01-28 00:00:00+00:00,2442,1423,631,473,676,415,493,1198.0,354,109,1936.0,89,35,144,19,103,143
28,2019-01-29 00:00:00+00:00,2385,1454,626,405,650,399,469,806.0,361,93,1646.0,45,27,828,23,86,631
29,2019-01-30 00:00:00+00:00,2169,1359,628,387,615,398,530,793.0,280,94,1651.0,59,24,948,27,92,626
30,2019-01-31 00:00:00+00:00,2180,1398,607,418,662,379,540,1052.0,293,84,1744.0,97,44,931,30,102,659
31,2019-02-01 00:00:00+00:00,2492,1486,651,455,701,419,544,1320.0,308,97,1928.0,97,38,820,25,101,572
32,2019-02-02 00:00:00+00:00,2428,1506,654,390,600,420,530,1010.0,288,109,1879.0,98,44,491,28,98,249
33,2019-02-03 00:00:00+00:00,2251,1395,628,421,639,423,539,1398.0,303,110,1923.0,111,34,245,30,90,104
34,2019-02-04 00:00:00+00:00,2569,1540,624,439,679,424,534,1285.0,293,103,1929.0,85,39,139,24,87,129
35,2019-02-05 00:00:00+00:00,2507,1474,595,414,664,389,539,993.0,268,101,1648.0,46,44,850,25,95,637
36,2019-02-06 00:00:00+00:00,2308,1393,593,418,660,386,533,987.0,285,92,1669.0,61,33,925,30,92,657
37,2019-02-07 00:00:00+00:00,2505,1485,601,450,669,387,538,1227.0,291,95,1752.0,89,36,875,29,92,637
38,2019-02-08 00:00:00+00:00,2597,1519,611,440,694,407,539,1475.0,284,110,1950.0,95,16,816,24,94,536
39,2019-02-09 00:00:00+00:00,2395,1492,585,348,600,391,539,1171.0,289,107,1851.0,85,16,506,20,75,210
40,2019-02-10 00:00:00+00:00,2263,1373,620,406,637,414,527,1466.0,297,107,1897.0,112,21,262,23,74,97
41,2019-02-11 00:00:00+00:00,2592,1535,664,492,676,418,532,1427.0,295,111,1931.0,92,26,154,17,71,127
42,2019-02-12 00:00:00+00:00,2403,1433,638,430,664,422,512,1184.0,271,97,1614.0,57,19,848,22,79,629
43,2019-02-13 00:00:00+00:00,2293,1449,630,411,649,404,516,1167.0,284,85,1572.0,67,22,954,22,86,682
44,2019-02-14 00:00:00+00:00,2567,1588,629,437,669,390,509,1350.0,301,114,1737.0,104,37,920,25,97,680
45,2019-02-15 00:00:00+00:00,2720,1683,628,432,703,415,525,1506.0,304,110,1963.0,118,37,803,26,90,553
46,2019-02-16 00:00:00+00:00,2576,1630,656,408,614,428,510,1232.0,293,108,1830.0,117,35,496,27,94,228
47,2019-02-17 00:00:00+00:00,2472,1502,631,425,664,412,525,1504.0,299,111,1893.0,132,37,245,27,77,85
48,2019-02-18 00:00:00+00:00,2614,1677,646,450,677,411,493,1461.0,285,100,1904.0,110,36,152,20,70,128
49,2019-02-19 00:00:00+00:00,2628,1673,620,435,661,387,468,1255.0,269,113,1625.0,90,30,834,23,83,625
50,2019-02-20 00:00:00+00:00,2329,1470,625,447,657,406,474,1206.0,273,102,1653.0,99,23,902,23,99,639
51,2019-02-21 00:00:00+00:00,2376,1616,541,461,652,323,490,1362.0,283,100,1696.0,116,42,923,27,94,589
52,2019-02-22 00:00:00+00:00,2442,1625,569,449,687,364,515,1485.0,293,109,1904.0,132,30,777,25,90,492
53,2019-02-23 00:00:00+00:00,2318,1529,590,396,642,386,491,1243.0,280,119,1825.0,125,34,466,28,86,184
54,2019-02-24 00:00:00+00:00,2316,1468,549,419,684,356,508,1513.0,289,116,1895.0,129,38,222,30,71,72
55,2019-02-25 00:00:00+00:00,2432,1555,502,411,665,333,490,1471.0,279,116,1879.0,114,36,134,19,85,119
56,2019-02-26 00:00:00+00:00,2382,1592,484,412,663,289,474,1239.0,259,119,1633.0,86,30,819,22,82,601
57,2019-02-27 00:00:00+00:00,2452,1574,566,416,659,357,477,1192.0,272,117,1648.0,90,30,943,28,87,608
58,2019-02-28 00:00:00+00:00,2602,1752,647,397,651,410,479,1359.0,288,126,1746.0,101,41,917,30,84,641
59,2019-03-01 00:00:00+00:00,2659,1758,673,463,682,422,526,1517.0,289,122,1934.0,126,43,821,32,108,564
60,2019-03-02 00:00:00+00:00,2546,1683,655,361,639,431,513,1221.0,287,113,1867.0,111,44,504,28,94,239
61,2019-03-03 00:00:00+00:00,2556,1622,651,388,672,425,526,1476.0,307,122,1824.0,124,35,223,28,77,85
62,2019-03-04 00:00:00+00:00,2588,1674,653,439,669,434,511,1487.0,295,111,1984.0,132,36,172,24,85,141
63,2019-03-05 00:00:00+00:00,2644,1732,643,456,677,405,525,1242.0,271,128,1622.0,87,28,827,22,84,625
64,2019-03-06 00:00:00+00:00,2607,1655,637,428,675,404,511,1211.0,280,116,1659.0,91,30,942,25,92,677
65,2019-03-07 00:00:00+00:00,2643,1767,647,460,673,406,515,1373.0,289,125,1716.0,127,45,928,32,94,660
66,2019-03-08 00:00:00+00:00,2662,1822,655,442,698,425,527,1496.0,312,125,1940.0,126,36,833,27,101,550
67,2019-03-09 00:00:00+00:00,2516,1802,643,433,654,411,519,1198.0,298,120,1838.0,124,39,494,24,96,235
68,2019-03-10 00:00:00+00:00,2545,1870,627,437,678,415,509,1476.0,305,127,1869.0,141,40,258,31,79,96
69,2019-03-11 00:00:00+00:00,2487,1810,571,389,717,376,524,1473.0,286,119,1908.0,139,38,127,22,84,138
70,2019-03-12 00:00:00+00:00,2355,1815,515,453,723,329,527,1261.0,270,116,1611.0,98,33,867,27,97,586
71,2019-03-13 00:00:00+00:00,2288,1599,542,424,693,336,519,1224.0,271,119,1661.0,108,24,912,26,84,614
72,2019-03-14 00:00:00+00:00,2348,1477,533,444,697,328,518,1386.0,281,113,1714.0,137,48,871,32,97,565
73,2019-03-15 00:00:00+00:00,2467,1810,535,440,714,339,512,1514.0,279,127,1933.0,138,30,767,29,91,500
74,2019-03-16 00:00:00+00:00,2347,1733,581,435,632,390,527,1199.0,298,115,1801.0,121,36,471,30,82,182
75,2019-03-17 00:00:00+00:00,2316,1703,565,453,681,375,520,1493.0,296,121,1883.0,136,39,218,31,69,91
76,2019-03-18 00:00:00+00:00,2493,1801,522,477,701,343,506,1479.0,297,111,1884.0,121,42,129,25,84,124
77,2019-03-19 00:00:00+00:00,2306,1774,551,463,687,342,525,1242.0,256,119,1585.0,100,36,874,25,79,590
78,2019-03-20 00:00:00+00:00,2315,1729,511,459,704,326,505,1219.0,281,122,1656.0,102,30,917,30,81,620
79,2019-03-21 00:00:00+00:00,2355,1758,466,452,705,303,518,1366.0,285,113,1730.0,107,44,864,32,101,584
80,2019-03-22 00:00:00+00:00,2429,1727,504,433,705,311,529,1504.0,299,121,1928.0,134,31,769,27,87,499
81,2019-03-23 00:00:00+00:00,2286,1798,505,458,633,315,529,1220.0,291,121,1805.0,133,41,473,28,93,173
82,2019-03-24 00:00:00+00:00,2262,1700,478,470,687,309,519,1489.0,290,120,1883.0,133,37,207,30,68,99
83,2019-03-25 00:00:00+00:00,2356,1799,456,475,705,274,521,1429.0,286,122,1880.0,135,39,116,24,93,147
84,2019-03-26 00:00:00+00:00,2359,1839,424,489,732,271,524,1261.0,269,109,1613.0,103,35,884,23,94,613
85,2019-03-27 00:00:00+00:00,2389,1803,378,460,705,233,532,1221.0,264,119,1651.0,101,28,915,31,80,608
86,2019-03-28 00:00:00+00:00,2430,1840,452,457,687,284,523,1360.0,284,114,1737.0,111,43,873,31,99,610
87,2019-03-29 00:00:00+00:00,2471,1872,509,463,714,341,517,1503.0,288,119,1957.0,133,37,780,32,90,515
88,2019-03-30 00:00:00+00:00,2331,1739,517,433,639,338,536,685.0,282,117,1805.0,121,41,484,29,82,192
89,2019-03-31 00:00:00+00:00,2287,1749,524,502,720,324,529,819.0,291,111,1894.0,153,35,218,28,66,103
90,2019-04-01 00:00:00+00:00,2495,1893,578,546,740,353,539,816.0,296,115,2328.0,147,47,131,21,81,156
91,2019-04-02 00:00:00+00:00,2401,1816,571,481,724,360,537,767.0,253,102,2270.0,106,36,857,23,79,612
92,2019-04-03 00:00:00+00:00,2425,1868,600,492,719,356,521,767.0,283,108,2271.0,111,39,951,25,94,636
93,2019-04-04 00:00:00+00:00,2430,1880,651,492,749,405,516,807.0,306,110,2256.0,122,45,915,28,89,642
94,2019-04-05 00:00:00+00:00,2521,1855,561,531,758,341,530,854.0,330,103,2363.0,155,42,778,29,105,508
95,2019-04-06 00:00:00+00:00,2292,1792,591,494,703,386,535,750.0,332,105,2288.0,138,41,487,26,85,198
96,2019-04-07 00:00:00+00:00,2338,1687,575,519,728,357,539,845.0,351,112,2322.0,156,36,229,33,59,98
97,2019-04-08 00:00:00+00:00,2514,1900,595,543,748,373,546,824.0,334,111,2343.0,146,33,140,23,87,147
98,2019-04-09 00:00:00+00:00,2415,1813,575,549,729,347,544,785.0,349,82,2263.0,133,33,863,23,91,618
99,2019-04-10 00:00:00+00:00,2441,1737,558,542,731,339,539,769.0,343,92,2249.0,129,35,935,29,92,633
100,2019-04-11 00:00:00+00:00,2475,1629,547,549,743,337,537,811.0,354,100,2256.0,142,41,876,33,103,611
101,2019-04-12 00:00:00+00:00,2517,1874,592,546,761,364,537,868.0,338,108,2380.0,154,32,795,26,101,499
102,2019-04-13 00:00:00+00:00,2220,1805,589,493,718,374,554,755.0,350,104,2307.0,142,37,475,30,89,193
103,2019-04-14 00:00:00+00:00,1911,1630,543,514,750,347,543,861.0,347,107,2322.0,153,40,227,30,70,107
104,2019-04-15 00:00:00+00:00,2181,1842,540,539,752,343,541,848.0,349,101,2364.0,148,42,126,20,100,169
105,2019-04-16 00:00:00+00:00,2434,1883,561,551,746,354,549,774.0,344,95,2268.0,124,30,878,26,86,615
106,2019-04-17 00:00:00+00:00,2449,1809,579,489,745,365,544,780.0,347,90,2264.0,124,32,949,25,88,647
107,2019-04-18 00:00:00+00:00,2314,1859,534,544,760,316,547,837.0,350,99,2289.0,186,39,861,32,93,636
108,2019-04-19 00:00:00+00:00,2362,1795,566,535,772,349,555,875.0,345,95,2404.0,201,37,739,27,88,511
109,2019-04-20 00:00:00+00:00,2265,1790,572,501,730,364,556,760.0,354,106,2311.0,203,38,454,29,77,217
110,2019-04-21 00:00:00+00:00,2267,1734,529,518,711,317,558,856.0,351,114,2361.0,204,43,216,27,79,112
111,2019-04-22 00:00:00+00:00,2549,1880,589,496,735,390,552,850.0,350,103,2383.0,195,48,93,16,87,111
112,2019-04-23 00:00:00+00:00,2445,1891,544,529,746,341,547,796.0,345,93,2287.0,183,29,877,18,89,647
113,2019-04-24 00:00:00+00:00,2416,1803,540,472,724,316,533,771.0,358,95,2250.0,151,31,929,19,90,650
114,2019-04-25 00:00:00+00:00,2510,1889,547,475,736,331,545,843.0,352,100,2268.0,159,36,884,25,93,638
115,2019-04-26 00:00:00+00:00,2420,1864,598,480,747,385,547,876.0,359,96,2382.0,173,35,759,23,95,534
116,2019-04-27 00:00:00+00:00,2333,1818,626,443,733,382,556,740.0,342,108,2324.0,169,38,470,35,79,232
117,2019-04-28 00:00:00+00:00,2348,1768,573,493,750,370,532,850.0,351,107,2354.0,195,46,229,32,72,114
118,2019-04-29 00:00:00+00:00,2514,1936,572,547,724,360,559,864.0,346,101,2361.0,203,38,120,20,95,168
119,2019-04-30 00:00:00+00:00,2387,1899,576,511,713,344,537,821.0,270,99,2272.0,165,32,887,17,82,631
120,2019-05-01 00:00:00+00:00,2411,1894,583,518,674,377,548,813.0,276,92,2277.0,169,34,892,25,74,641
121,2019-05-02 00:00:00+00:00,2341,1896,590,509,718,380,538,862.0,294,100,2296.0,182,44,876,28,81,612
122,2019-05-03 00:00:00+00:00,2541,1946,587,527,744,380,555,880.0,306,105,2397.0,194,30,772,16,80,520
123,2019-05-04 00:00:00+00:00,2476,1840,621,456,715,409,549,752.0,271,108,2213.0,194,33,472,21,70,210
124,2019-05-05 00:00:00+00:00,2361,1751,585,509,738,360,533,864.0,287,101,2363.0,207,34,231,20,68,102
125,2019-05-06 00:00:00+00:00,2600,1909,562,516,748,357,489,879.0,268,100,2389.0,196,27,108,17,84,151
126,2019-05-07 00:00:00+00:00,2572,1868,573,492,712,328,493,827.0,239,96,2303.0,150,22,884,18,82,647
127,2019-05-08 00:00:00+00:00,2364,1844,531,481,643,325,487,821.0,256,102,2200.0,151,30,935,24,98,652
128,2019-05-09 00:00:00+00:00,2624,1994,562,472,632,333,482,796.0,262,107,1922.0,166,43,898,29,89,676
129,2019-05-10 00:00:00+00:00,2613,1930,595,522,733,367,500,880.0,286,113,2467.0,202,37,785,28,84,583
130,2019-05-11 00:00:00+00:00,2373,1901,597,521,711,372,475,775.0,262,113,2338.0,203,41,467,27,92,279
131,2019-05-12 00:00:00+00:00,2366,1719,603,511,733,386,473,891.0,278,101,2362.0,202,47,210,34,87,119
132,2019-05-13 00:00:00+00:00,2549,1889,570,534,746,354,474,864.0,264,97,2387.0,200,36,130,23,93,150
133,2019-05-14 00:00:00+00:00,2601,1956,552,532,723,336,454,828.0,236,103,2292.0,173,32,883,21,90,638
134,2019-05-15 00:00:00+00:00,2569,1860,527,525,730,320,467,824.0,253,107,2271.0,174,38,902,27,98,656
135,2019-05-16 00:00:00+00:00,2606,1896,565,514,758,344,463,867.0,273,102,2269.0,177,48,879,34,96,631
136,2019-05-17 00:00:00+00:00,2659,1956,545,529,746,315,478,888.0,279,119,2396.0,200,38,794,27,100,546
137,2019-05-18 00:00:00+00:00,2299,1806,566,511,716,366,470,781.0,252,122,2334.0,192,39,464,32,87,219
138,2019-05-19 00:00:00+00:00,2287,1730,547,499,731,335,484,856.0,284,126,2317.0,190,43,234,30,82,111
139,2019-05-20 00:00:00+00:00,2684,1987,562,527,746,341,478,869.0,257,130,2373.0,188,41,134,22,92,151
140,2019-05-21 00:00:00+00:00,2540,1879,555,520,713,346,463,803.0,235,106,2265.0,166,35,869,23,93,631
141,2019-05-22 00:00:00+00:00,2618,1900,523,524,730,314,480,818.0,256,109,2266.0,163,31,910,22,97,656
142,2019-05-23 00:00:00+00:00,2564,1912,554,503,749,343,497,846.0,263,127,2293.0,164,42,869,35,92,641
143,2019-05-24 00:00:00+00:00,2650,2022,570,542,755,349,499,879.0,283,124,2408.0,203,40,766,25,100,544
144,2019-05-25 00:00:00+00:00,2536,1905,575,550,724,348,500,771.0,265,121,2339.0,189,36,462,28,83,223
145,2019-05-26 00:00:00+00:00,2216,1634,574,533,734,369,525,883.0,285,138,2352.0,196,46,215,32,83,93
146,2019-05-27 00:00:00+00:00,2334,1840,575,558,756,375,499,867.0,252,131,2394.0,202,39,115,18,72,102
147,2019-05-28 00:00:00+00:00,2537,1910,572,536,747,353,488,837.0,241,111,2297.0,170,29,231,21,79,272
148,2019-05-29 00:00:00+00:00,2379,1884,565,493,751,341,518,810.0,257,113,2283.0,146,36,928,27,87,632
149,2019-05-30 00:00:00+00:00,2399,1945,561,481,715,342,546,864.0,272,134,2296.0,167,43,934,30,97,710
150,2019-05-31 00:00:00+00:00,2571,1911,498,492,689,285,517,895.0,274,125,2399.0,172,37,737,27,93,541
151,2019-06-01 00:00:00+00:00,2383,1767,582,474,712,369,580,774.0,259,132,2352.0,174,39,465,31,76,222
152,2019-06-02 00:00:00+00:00,2264,1726,559,475,758,348,579,898.0,277,144,2395.0,174,46,234,26,78,117
153,2019-06-03 00:00:00+00:00,2585,1953,544,494,761,345,585,892.0,272,152,2425.0,172,42,131,14,92,157
154,2019-06-04 00:00:00+00:00,2532,1967,511,510,753,320,585,836.0,243,139,2338.0,157,30,877,19,86,639
155,2019-06-05 00:00:00+00:00,2504,1889,521,531,755,325,533,838.0,262,137,2328.0,167,29,922,24,96,656
156,2019-06-06 00:00:00+00:00,2620,1986,519,484,756,296,549,877.0,280,150,2338.0,179,43,879,25,94,670
157,2019-06-07 00:00:00+00:00,2574,1885,472,458,717,284,557,868.0,277,143,2322.0,176,30,656,27,94,512
158,2019-06-08 00:00:00+00:00,2484,1927,579,438,722,358,573,775.0,265,149,2365.0,171,30,480,24,82,217
159,2019-06-09 00:00:00+00:00,2463,1919,587,481,715,372,585,916.0,286,154,2380.0,199,39,229,25,78,85
160,2019-06-10 00:00:00+00:00,2308,1993,588,529,742,353,559,879.0,280,149,2430.0,196,40,112,15,89,115
161,2019-06-11 00:00:00+00:00,2596,2063,572,498,762,347,583,834.0,240,146,2325.0,162,28,863,16,84,621
162,2019-06-12 00:00:00+00:00,2548,2011,569,516,748,349,569,818.0,265,143,2325.0,170,34,896,24,103,653
163,2019-06-13 00:00:00+00:00,2620,1953,553,490,761,344,587,873.0,275,150,2341.0,175,40,858,31,104,645
164,2019-06-14 00:00:00+00:00,2675,2070,595,489,767,374,582,917.0,300,147,2389.0,188,35,748,25,100,565
165,2019-06-15 00:00:00+00:00,2509,1919,527,433,711,328,581,767.0,252,149,2252.0,174,35,454,26,86,232
166,2019-06-16 00:00:00+00:00,2407,1949,619,471,743,391,588,905.0,295,152,2365.0,186,48,231,31,77,121
167,2019-06-17 00:00:00+00:00,2494,2021,579,453,756,379,541,865.0,279,144,2351.0,164,37,121,20,97,157
168,2019-06-18 00:00:00+00:00,2582,1995,537,529,749,319,542,853.0,244,136,2331.0,168,28,874,22,90,658
169,2019-06-19 00:00:00+00:00,2508,1996,527,473,764,320,538,833.0,265,139,2323.0,150,32,905,26,92,667
170,2019-06-20 00:00:00+00:00,2453,1947,560,497,773,354,550,892.0,283,141,2350.0,171,45,874,33,93,665
171,2019-06-21 00:00:00+00:00,2625,2060,601,496,782,368,550,903.0,294,160,2443.0,183,34,764,27,97,561
172,2019-06-22 00:00:00+00:00,2477,1996,549,500,741,319,548,772.0,260,161,2344.0,193,37,453,24,94,226
173,2019-06-23 00:00:00+00:00,2473,1928,561,492,770,349,552,911.0,282,158,2411.0,185,42,235,30,77,118
174,2019-06-24 00:00:00+00:00,2440,2112,558,493,782,339,544,880.0,296,167,2422.0,180,38,132,19,101,156
175,2019-06-25 00:00:00+00:00,2633,2056,542,507,771,321,539,853.0,260,163,2361.0,152,33,879,23,99,649
176,2019-06-26 00:00:00+00:00,2511,2099,463,515,731,296,515,823.0,268,156,2262.0,177,28,813,22,86,633
177,2019-06-27 00:00:00+00:00,2601,2042,493,517,771,308,540,873.0,292,159,2340.0,182,45,862,30,95,661
178,2019-06-28 00:00:00+00:00,2649,2044,505,530,788,334,562,879.0,357,167,2440.0,186,37,782,23,91,563
179,2019-06-29 00:00:00+00:00,2475,1999,454,463,735,304,557,785.0,358,152,2357.0,167,38,451,28,87,238
180,2019-06-30 00:00:00+00:00,2550,1920,484,493,763,327,561,897.0,346,166,2395.0,181,50,238,29,93,126
181,2019-07-01 00:00:00+00:00,2688,2151,583,516,788,371,540,884.0,344,174,2428.0,194,44,125,15,98,162
182,2019-07-02 00:00:00+00:00,2514,1996,571,526,771,343,567,853.0,349,160,2366.0,168,31,855,24,106,672
183,2019-07-03 00:00:00+00:00,2462,2004,542,534,781,326,555,837.0,333,163,2376.0,172,32,876,24,102,697
184,2019-07-04 00:00:00+00:00,2144,1987,622,535,787,389,568,894.0,363,170,2375.0,180,42,423,24,67,401
185,2019-07-05 00:00:00+00:00,2133,1808,596,531,786,361,558,907.0,355,161,2460.0,185,34,524,29,52,285
186,2019-07-06 00:00:00+00:00,2340,1788,618,515,744,391,556,782.0,343,161,2360.0,194,37,448,28,82,235
187,2019-07-07 00:00:00+00:00,2393,1905,613,530,782,390,563,908.0,350,159,2414.0,215,46,244,31,83,117
188,2019-07-08 00:00:00+00:00,2666,2090,600,543,796,388,557,908.0,358,160,2468.0,198,35,126,17,108,154
189,2019-07-09 00:00:00+00:00,2716,2078,580,536,780,359,549,859.0,347,156,2366.0,189,31,849,21,96,687
190,2019-07-10 00:00:00+00:00,2625,2016,543,491,780,343,558,808.0,360,160,2372.0,166,33,880,24,117,700
191,2019-07-11 00:00:00+00:00,2410,2027,550,486,792,336,554,896.0,367,158,2375.0,174,43,836,30,101,667
192,2019-07-12 00:00:00+00:00,2660,2106,601,513,794,396,564,909.0,348,161,2447.0,194,33,768,27,92,566
193,2019-07-13 00:00:00+00:00,2564,2029,578,500,749,356,552,787.0,330,169,2381.0,212,35,455,31,91,230
194,2019-07-14 00:00:00+00:00,2592,1994,619,517,775,385,542,922.0,340,155,2410.0,219,43,234,27,93,115
195,2019-07-15 00:00:00+00:00,2683,2154,604,537,784,378,539,893.0,331,163,2461.0,206,43,118,17,97,170
196,2019-07-16 00:00:00+00:00,2690,2100,590,542,756,382,550,873.0,357,158,2362.0,188,26,853,21,100,684
197,2019-07-17 00:00:00+00:00,2619,2061,533,523,731,348,508,787.0,328,161,2149.0,177,30,889,22,113,695
198,2019-07-18 00:00:00+00:00,2553,1942,536,476,768,350,553,893.0,352,177,2359.0,177,42,892,26,102,747
199,2019-07-19 00:00:00+00:00,2735,2163,557,478,775,358,552,919.0,351,161,2438.0,181,35,760,26,110,617
200,2019-07-20 00:00:00+00:00,2585,2053,613,459,755,395,559,784.0,339,162,2373.0,170,33,459,30,93,253
201,2019-07-21 00:00:00+00:00,2559,1984,626,472,760,407,564,939.0,342,172,2410.0,181,47,225,28,91,121
202,2019-07-22 00:00:00+00:00,2641,2077,614,479,745,395,552,915.0,332,161,2460.0,180,33,120,15,95,168
203,2019-07-23 00:00:00+00:00,2639,2033,654,506,717,406,540,850.0,282,157,2354.0,185,35,862,23,99,682
204,2019-07-24 00:00:00+00:00,2684,2114,619,363,721,375,542,859.0,294,158,2352.0,144,30,894,21,99,717
205,2019-07-25 00:00:00+00:00,2700,2091,604,493,742,384,547,807.0,287,180,2325.0,205,45,852,25,90,681
206,2019-07-26 00:00:00+00:00,2748,2109,607,507,738,367,566,835.0,305,165,2463.0,207,36,751,21,103,566
207,2019-07-27 00:00:00+00:00,2620,2049,614,446,748,383,551,753.0,287,171,2340.0,192,33,457,31,87,230
208,2019-07-28 00:00:00+00:00,2610,2008,597,466,763,363,567,887.0,308,168,2466.0,200,41,239,30,82,120
209,2019-07-29 00:00:00+00:00,2697,1991,616,537,741,390,548,894.0,279,169,2461.0,209,36,115,14,89,158
210,2019-07-30 00:00:00+00:00,2718,2025,599,534,728,362,553,862.0,254,167,2360.0,188,30,852,18,100,645
211,2019-07-31 00:00:00+00:00,2654,2062,569,526,733,359,545,875.0,269,157,2365.0,192,28,880,21,90,701
212,2019-08-01 00:00:00+00:00,2638,2058,633,538,728,379,554,899.0,275,173,2382.0,186,45,830,28,80,680
213,2019-08-02 00:00:00+00:00,2690,2075,607,511,750,366,559,916.0,309,168,2454.0,197,43,770,29,101,585
214,2019-08-03 00:00:00+00:00,2519,1894,632,493,706,385,550,752.0,269,157,2179.0,188,30,475,28,90,227
215,2019-08-04 00:00:00+00:00,2682,1993,588,460,741,360,551,921.0,307,164,2397.0,195,48,219,26,92,115
216,2019-08-05 00:00:00+00:00,2774,2086,615,466,737,395,545,922.0,273,169,2426.0,173,35,138,15,107,162
217,2019-08-06 00:00:00+00:00,2688,2021,562,485,701,352,545,874.0,244,166,2362.0,167,34,856,24,99,663
218,2019-08-07 00:00:00+00:00,2614,1993,599,488,694,373,545,865.0,261,158,2362.0,170,31,881,24,102,684
219,2019-08-08 00:00:00+00:00,2687,1992,580,496,708,360,543,906.0,263,166,2359.0,172,48,874,24,99,703
220,2019-08-09 00:00:00+00:00,2788,2114,603,472,714,362,537,873.0,277,171,2414.0,176,36,754,25,104,560
221,2019-08-10 00:00:00+00:00,2641,2006,624,466,739,390,556,785.0,267,172,2377.0,186,32,464,29,77,241
222,2019-08-11 00:00:00+00:00,2619,1976,578,478,739,360,553,940.0,302,164,2388.0,180,45,230,30,78,115
223,2019-08-12 00:00:00+00:00,2768,2097,640,505,726,397,546,889.0,276,160,2438.0,191,35,123,10,100,156
224,2019-08-13 00:00:00+00:00,2696,2027,600,471,705,384,531,870.0,247,163,2321.0,157,33,846,14,103,673
225,2019-08-14 00:00:00+00:00,2725,2101,586,475,698,370,539,861.0,259,164,2347.0,164,30,883,20,102,707
226,2019-08-15 00:00:00+00:00,2727,2132,446,519,714,289,545,906.0,269,155,2366.0,182,43,852,24,93,668
227,2019-08-16 00:00:00+00:00,2831,2176,583,483,728,368,566,912.0,312,159,2415.0,174,37,768,21,97,600
228,2019-08-17 00:00:00+00:00,2630,2028,630,466,755,403,550,812.0,262,172,2357.0,170,35,475,26,83,236
229,2019-08-18 00:00:00+00:00,2548,1909,608,427,730,358,554,855.0,288,166,2273.0,160,45,245,25,79,117
230,2019-08-19 00:00:00+00:00,2729,2112,631,481,736,395,542,891.0,256,161,2446.0,198,33,126,11,87,161
231,2019-08-20 00:00:00+00:00,2612,2031,627,414,689,377,554,831.0,246,157,2220.0,158,27,869,17,90,673
232,2019-08-21 00:00:00+00:00,2533,1928,610,487,703,392,534,855.0,248,169,2347.0,165,34,903,24,111,691
233,2019-08-22 00:00:00+00:00,2652,2066,599,483,727,366,549,891.0,298,167,2339.0,178,43,867,33,92,685
234,2019-08-23 00:00:00+00:00,2721,2108,611,507,745,364,558,927.0,311,163,2448.0,194,37,772,28,109,590
235,2019-08-24 00:00:00+00:00,2665,2019,618,513,748,386,552,815.0,277,158,2361.0,197,36,468,32,90,233
236,2019-08-25 00:00:00+00:00,2425,1843,643,527,745,408,548,916.0,316,167,2396.0,199,44,232,26,82,122
237,2019-08-26 00:00:00+00:00,2729,1995,617,540,732,404,559,907.0,283,173,2430.0,195,39,129,16,92,158
238,2019-08-27 00:00:00+00:00,2582,2055,587,520,724,355,544,856.0,251,163,2352.0,187,28,863,19,94,668
239,2019-08-28 00:00:00+00:00,2643,1988,576,403,686,361,539,832.0,255,168,2220.0,164,32,912,22,112,702
240,2019-08-29 00:00:00+00:00,2708,2064,571,475,725,351,544,913.0,293,173,2367.0,179,47,867,26,104,686
241,2019-08-30 00:00:00+00:00,2680,2082,591,485,752,366,563,929.0,313,162,2430.0,187,35,758,26,113,585
242,2019-08-31 00:00:00+00:00,2395,1961,596,471,754,387,559,816.0,273,169,2381.0,195,38,483,28,88,252
243,2019-09-01 00:00:00+00:00,1995,1643,613,505,788,367,559,748.0,303,158,2333.0,185,44,234,29,72,108
244,2019-09-02 00:00:00+00:00,2527,1849,608,442,811,368,560,890.0,279,152,2435.0,181,46,133,14,84,109
245,2019-09-03 00:00:00+00:00,2501,1943,579,508,799,354,553,884.0,246,144,2344.0,159,36,243,17,75,275
246,2019-09-04 00:00:00+00:00,2547,1898,604,461,799,373,538,859.0,256,148,2313.0,161,33,886,25,103,692
247,2019-09-05 00:00:00+00:00,2783,1962,547,532,810,340,555,915.0,295,158,2364.0,182,44,921,29,101,758
248,2019-09-06 00:00:00+00:00,2821,1938,530,488,813,318,559,927.0,295,149,2420.0,184,32,777,27,108,600
249,2019-09-07 00:00:00+00:00,2642,1890,551,490,755,354,555,806.0,274,151,2375.0,185,35,474,31,95,233
250,2019-09-08 00:00:00+00:00,2521,1767,463,507,791,288,557,934.0,296,150,2398.0,186,41,257,27,82,120
251,2019-09-09 00:00:00+00:00,2842,2045,468,475,838,304,552,919.0,282,157,2433.0,172,35,133,13,94,152
252,2019-09-10 00:00:00+00:00,2724,1967,555,446,827,351,555,872.0,255,145,2344.0,155,32,881,20,101,698
253,2019-09-11 00:00:00+00:00,2668,1959,571,434,809,353,541,870.0,264,145,2359.0,164,29,895,24,101,732
254,2019-09-12 00:00:00+00:00,2772,1943,563,462,830,357,558,923.0,288,155,2373.0,163,47,884,31,100,706
255,2019-09-13 00:00:00+00:00,2855,2088,560,524,821,357,561,921.0,308,149,2467.0,191,30,775,26,105,600
256,2019-09-14 00:00:00+00:00,2791,1920,555,439,752,356,548,826.0,274,168,2414.0,180,36,477,32,110,236
257,2019-09-15 00:00:00+00:00,2672,1867,620,489,808,405,566,932.0,304,171,2388.0,193,45,230,31,87,123
258,2019-09-16 00:00:00+00:00,2997,2036,598,543,831,358,553,889.0,295,158,2433.0,203,34,138,10,100,160
259,2019-09-17 00:00:00+00:00,2825,2029,632,550,807,388,537,858.0,257,142,2331.0,176,31,890,20,94,694
260,2019-09-18 00:00:00+00:00,2788,1988,633,522,824,388,557,850.0,285,147,2331.0,190,39,918,26,108,735
261,2019-09-19 00:00:00+00:00,2864,1869,629,564,831,388,566,901.0,309,157,2361.0,188,40,895,28,98,725
262,2019-09-20 00:00:00+00:00,2899,1932,617,550,827,381,566,924.0,354,149,2442.0,204,36,778,26,110,605
263,2019-09-21 00:00:00+00:00,1211,914,379,164,279,257,367,312.0,254,83,628.0,69,19,204,13,61,159
264,2019-09-22 00:00:00+00:00,110,93,29,2,1,11,20,25.0,16,10,28.0,2,1,18,1,7,4
265,2019-09-23 00:00:00+00:00,3005,2023,580,530,835,351,567,924.0,347,171,2441.0,181,38,128,13,117,164
266,2019-09-24 00:00:00+00:00,2874,1995,614,534,816,381,575,866.0,350,152,2338.0,169,37,884,19,115,710
267,2019-09-25 00:00:00+00:00,2812,1979,625,521,826,395,557,871.0,346,150,2360.0,178,34,907,23,125,728
268,2019-09-26 00:00:00+00:00,2910,2020,635,564,823,393,578,911.0,351,153,2360.0,194,42,875,27,107,712
269,2019-09-27 00:00:00+00:00,2926,1972,628,565,837,378,569,930.0,373,161,2434.0,211,36,787,27,121,596
270,2019-09-28 00:00:00+00:00,2710,1939,632,525,759,377,573,813.0,355,167,2385.0,196,38,457,30,116,237
271,2019-09-29 00:00:00+00:00,2675,1931,604,538,801,372,567,917.0,356,156,2427.0,206,45,252,30,102,137
272,2019-09-30 00:00:00+00:00,2989,2124,595,559,830,381,585,905.0,353,163,2459.0,202,42,143,14,121,157
273,2019-10-01 00:00:00+00:00,2847,2098,597,557,796,385,569,808.0,343,155,2295.0,178,33,897,22,125,717
274,2019-10-02 00:00:00+00:00,2790,2039,572,553,809,353,572,799.0,341,148,2319.0,191,27,910,23,102,734
275,2019-10-03 00:00:00+00:00,2928,2097,555,547,810,340,565,878.0,368,163,2317.0,190,41,863,25,108,713
276,2019-10-04 00:00:00+00:00,3024,2149,593,552,819,348,577,907.0,356,164,2448.0,193,37,763,26,115,580
277,2019-10-05 00:00:00+00:00,2824,2088,605,518,735,369,570,798.0,353,157,2342.0,203,31,467,24,95,231
278,2019-10-06 00:00:00+00:00,2671,1971,613,540,779,390,573,911.0,362,161,2354.0,216,42,239,22,94,128
279,2019-10-07 00:00:00+00:00,3021,2137,611,565,817,387,567,889.0,347,167,2400.0,192,30,130,10,104,167
280,2019-10-08 00:00:00+00:00,2973,2140,616,557,814,375,572,788.0,347,150,2283.0,153,20,889,17,103,706
281,2019-10-09 00:00:00+00:00,2886,2104,611,539,804,384,565,769.0,325,150,2289.0,150,26,909,21,114,734
282,2019-10-10 00:00:00+00:00,2850,2065,558,512,771,351,540,864.0,357,148,2218.0,168,39,801,20,109,671
283,2019-10-11 00:00:00+00:00,2940,2168,548,551,835,325,561,898.0,343,163,2396.0,188,36,762,26,130,593
284,2019-10-12 00:00:00+00:00,2944,2089,62,532,741,45,566,804.0,343,171,2320.0,190,35,482,28,107,245
285,2019-10-13 00:00:00+00:00,2695,1972,397,538,768,279,574,893.0,354,164,2355.0,192,44,235,25,98,119
286,2019-10-14 00:00:00+00:00,2988,2158,611,544,822,385,555,883.0,341,174,2379.0,180,45,127,13,114,167
287,2019-10-15 00:00:00+00:00,2940,2126,609,553,817,370,567,823.0,300,155,2316.0,158,32,870,21,112,702
288,2019-10-16 00:00:00+00:00,2856,2087,606,558,805,372,569,770.0,291,146,2313.0,161,33,911,23,117,727
289,2019-10-17 00:00:00+00:00,2973,2144,586,551,839,357,572,862.0,311,166,2307.0,166,47,897,27,105,711
290,2019-10-18 00:00:00+00:00,3044,2182,597,550,834,362,571,901.0,314,164,2411.0,190,41,792,25,119,607
291,2019-10-19 00:00:00+00:00,2849,2108,583,526,765,358,575,807.0,306,173,2330.0,188,39,467,32,122,255
292,2019-10-20 00:00:00+00:00,2705,1946,563,537,790,352,565,912.0,317,163,2366.0,194,48,255,27,96,125
293,2019-10-21 00:00:00+00:00,3013,2206,549,561,818,337,557,899.0,291,185,2393.0,191,39,130,14,120,168
294,2019-10-22 00:00:00+00:00,2964,2143,583,554,785,368,561,833.0,265,162,2264.0,155,34,879,22,108,692
295,2019-10-23 00:00:00+00:00,2872,2138,539,563,818,318,556,815.0,263,165,2339.0,161,36,908,25,117,742
296,2019-10-24 00:00:00+00:00,2856,2155,518,558,816,290,570,865.0,298,168,2321.0,168,44,880,28,106,706
297,2019-10-25 00:00:00+00:00,2859,2185,549,552,814,322,569,900.0,302,179,2287.0,186,39,768,29,125,599
298,2019-10-26 00:00:00+00:00,2880,2123,581,534,758,370,567,787.0,295,175,2352.0,194,44,479,28,116,256
299,2019-10-27 00:00:00+00:00,2715,1924,590,480,752,380,564,868.0,315,171,2254.0,187,48,243,24,98,129
300,2019-10-28 00:00:00+00:00,2962,2114,549,506,777,345,558,798.0,310,165,2245.0,178,41,123,26,107,161
301,2019-10-29 00:00:00+00:00,2873,1997,512,513,754,294,553,702.0,281,144,2061.0,124,35,877,21,115,700
302,2019-10-30 00:00:00+00:00,2768,1997,517,513,765,324,552,669.0,292,136,2082.0,106,35,916,24,113,737
303,2019-10-31 00:00:00+00:00,2791,1889,516,508,763,293,559,768.0,301,152,2094.0,125,47,880,26,114,722
304,2019-11-01 00:00:00+00:00,2623,1990,595,502,725,375,560,810.0,314,162,2310.0,116,41,787,25,123,600
305,2019-11-02 00:00:00+00:00,2806,2018,587,454,688,389,557,646.0,303,166,2143.0,82,46,473,25,116,258
306,2019-11-03 00:00:00+00:00,2522,1788,564,480,770,377,566,795.0,318,150,2254.0,120,42,228,23,90,127
307,2019-11-04 00:00:00+00:00,2978,2101,578,518,810,378,554,739.0,299,166,2295.0,113,47,147,28,104,160
308,2019-11-05 00:00:00+00:00,2918,2071,554,503,798,329,549,529.0,268,152,2053.0,84,46,850,20,102,689
309,2019-11-06 00:00:00+00:00,2859,2042,610,490,781,390,552,457.0,295,134,1631.0,83,40,941,24,124,749
310,2019-11-07 00:00:00+00:00,2933,2043,720,510,802,463,548,635.0,305,154,1758.0,115,52,885,26,121,720
311,2019-11-08 00:00:00+00:00,3052,2102,724,508,808,465,562,749.0,305,165,2188.0,112,40,809,28,114,642
312,2019-11-09 00:00:00+00:00,2891,2042,740,450,689,477,562,490.0,289,170,1949.0,84,49,503,29,103,274
313,2019-11-10 00:00:00+00:00,2687,1914,718,488,717,470,554,721.0,314,175,2131.0,114,45,229,29,92,142
314,2019-11-11 00:00:00+00:00,2806,1982,705,515,766,482,544,702.0,299,150,2071.0,106,44,147,27,101,159
315,2019-11-12 00:00:00+00:00,2909,2092,709,503,796,465,552,468.0,276,145,1432.0,87,38,807,21,104,704
316,2019-11-13 00:00:00+00:00,2876,2055,715,502,783,455,547,432.0,293,146,1416.0,85,40,935,23,117,765
317,2019-11-14 00:00:00+00:00,2977,2061,715,508,788,448,562,611.0,311,152,1742.0,112,53,957,29,123,736
318,2019-11-15 00:00:00+00:00,3039,2068,600,489,788,394,563,730.0,319,167,2165.0,115,40,800,28,119,651
319,2019-11-16 00:00:00+00:00,2879,2043,619,439,674,403,554,460.0,294,175,1949.0,83,46,486,28,108,266
320,2019-11-17 00:00:00+00:00,2660,1907,620,492,746,407,561,721.0,311,155,2122.0,119,46,243,34,92,133
321,2019-11-18 00:00:00+00:00,3020,2120,613,497,813,383,560,693.0,307,145,2063.0,103,48,155,26,122,174
322,2019-11-19 00:00:00+00:00,2929,2073,613,460,762,406,555,460.0,261,145,1419.0,66,42,854,23,116,706
323,2019-11-20 00:00:00+00:00,2840,2031,615,444,781,409,539,434.0,288,136,1409.0,72,35,949,23,138,754
324,2019-11-21 00:00:00+00:00,2912,2075,621,452,777,396,563,602.0,303,156,1746.0,106,45,888,24,122,740
325,2019-11-22 00:00:00+00:00,3057,2115,619,443,806,405,562,740.0,316,171,2153.0,102,40,785,26,131,660
326,2019-11-23 00:00:00+00:00,3072,2053,619,425,652,407,577,432.0,307,169,1957.0,87,51,503,28,106,295
327,2019-11-24 00:00:00+00:00,2904,1914,612,437,739,401,570,711.0,309,173,2131.0,108,45,251,30,103,160
328,2019-11-25 00:00:00+00:00,2979,2078,626,438,788,409,562,663.0,290,156,1967.0,95,49,165,27,107,212
329,2019-11-26 00:00:00+00:00,2978,1999,712,433,777,456,569,482.0,264,146,1423.0,48,44,868,28,107,822
330,2019-11-27 00:00:00+00:00,3109,2134,712,436,784,444,563,430.0,285,139,1410.0,49,41,951,22,127,883
331,2019-11-28 00:00:00+00:00,2543,2033,729,454,795,474,583,611.0,299,149,1747.0,90,49,536,28,118,494
332,2019-11-29 00:00:00+00:00,1553,1367,725,493,808,469,564,740.0,321,158,2183.0,92,40,563,28,82,305
333,2019-11-30 00:00:00+00:00,2559,1943,734,412,653,480,573,464.0,296,162,1983.0,48,43,530,30,112,266
334,2019-12-01 00:00:00+00:00,3079,2194,667,437,709,438,540,725.0,296,153,2051.0,101,46,247,26,80,138
335,2019-12-02 00:00:00+00:00,3246,2282,707,493,793,476,548,707.0,269,161,2063.0,78,43,228,24,110,224
336,2019-12-03 00:00:00+00:00,2944,2100,706,448,784,462,568,552.0,267,148,1599.0,48,36,979,26,118,835
337,2019-12-04 00:00:00+00:00,2853,1997,574,436,782,380,565,550.0,280,144,1608.0,54,41,1152,20,122,908
338,2019-12-05 00:00:00+00:00,2935,2017,563,428,604,393,583,588.0,291,158,1614.0,73,51,1133,25,115,921
339,2019-12-06 00:00:00+00:00,3037,1997,590,451,718,399,562,698.0,312,166,2068.0,81,46,985,25,120,781
340,2019-12-07 00:00:00+00:00,2866,1960,593,407,678,399,570,536.0,302,172,1915.0,49,44,605,27,116,293
341,2019-12-08 00:00:00+00:00,2575,1855,592,441,765,388,525,762.0,308,167,2137.0,93,50,318,25,99,161
342,2019-12-09 00:00:00+00:00,2967,1980,563,474,822,399,479,772.0,253,166,2089.0,84,51,167,26,111,225
343,2019-12-10 00:00:00+00:00,2778,2031,583,454,680,398,477,600.0,243,148,1490.0,48,45,999,23,122,883
344,2019-12-11 00:00:00+00:00,2655,2010,572,454,801,397,497,573.0,298,136,1521.0,51,38,1152,20,137,952
345,2019-12-12 00:00:00+00:00,2972,2030,579,447,788,383,577,699.0,294,160,1694.0,78,50,1121,26,133,962
346,2019-12-13 00:00:00+00:00,2926,1990,550,437,753,375,544,807.0,295,155,2099.0,90,45,917,22,132,777
347,2019-12-15 00:00:00+00:00,2542,1854,563,438,766,390,572,827.0,332,179,2112.0,85,44,337,25,95,150
348,2019-12-16 00:00:00+00:00,3034,2015,563,446,814,385,576,823.0,338,158,2082.0,96,54,190,22,114,218
349,2019-12-17 00:00:00+00:00,2654,1989,549,425,709,374,541,675.0,329,154,1432.0,84,35,883,20,123,953
350,2019-12-18 00:00:00+00:00,2732,2019,579,438,806,383,554,665.0,330,147,1648.0,89,44,1188,21,139,1058
351,2019-12-19 00:00:00+00:00,3080,2027,585,445,795,394,572,794.0,341,165,2153.0,110,46,1162,28,149,1059
352,2019-12-20 00:00:00+00:00,3077,2193,580,440,819,394,578,823.0,353,202,2339.0,120,43,1064,26,146,1067
353,2019-12-21 00:00:00+00:00,2932,2073,548,381,692,396,547,726.0,321,195,2115.0,124,39,711,24,142,908
354,2019-12-22 00:00:00+00:00,3066,2112,568,428,771,403,571,861.0,353,178,2349.0,126,43,418,24,117,833
355,2019-12-23 00:00:00+00:00,3109,2163,582,424,766,398,578,827.0,359,197,2281.0,116,52,374,20,142,689
356,2019-12-24 00:00:00+00:00,3040,2136,609,402,712,398,574,663.0,356,199,1429.0,106,27,974,18,129,868
357,2019-12-25 00:00:00+00:00,2304,1730,586,410,670,403,555,,354,174,,111,33,410,17,30,249
358,2019-12-26 00:00:00+00:00,2847,2051,580,396,738,396,576,780.0,359,182,1789.0,108,25,484,22,41,319
359,2019-12-27 00:00:00+00:00,3044,2113,563,474,714,375,541,832.0,355,176,2256.0,135,32,834,9,89,629
360,2019-12-28 00:00:00+00:00,2939,2096,575,406,710,379,579,727.0,363,191,2150.0,123,36,587,12,99,309
361,2019-12-29 00:00:00+00:00,3123,2135,641,413,747,425,573,849.0,368,189,2257.0,119,41,285,13,84,149
362,2019-12-30 00:00:00+00:00,3167,2169,643,422,737,422,569,790.0,354,184,2174.0,109,32,152,11,93,218
363,2019-12-31 00:00:00+00:00,3089,2167,647,425,637,434,580,743.0,353,190,1721.0,98,27,885,8,94,716
