,day,LFPG,EGLL,EHAM,EDDF,LEMD,LIRF,LSZH,UUEE,VHHH,RJBB,RJTT,RKSI,RCTP,RPLL,YSSY,YMML,OMDB,VABB,VIDP,WSSS,CYYZ,KSFO,KLAX,KORD,KJFK,SBGR
364,2020-01-01 00:00:00+00:00,494,543,478,392,440,325,255,426,499,238,286,497,343,328,437,317,529,329,587,466,460,539,798,938,491,227
365,2020-01-02 00:00:00+00:00,505,546,500,534,458,335,293,393,402,203,257,239,310,294,445,343,489,347,561,424,503,560,857,1151,528,260
366,2020-01-03 00:00:00+00:00,537,474,518,514,501,356,286,434,412,227,243,439,305,309,395,290,461,312,557,403,472,533,846,1092,472,289
367,2020-01-04 00:00:00+00:00,529,556,471,535,466,313,268,461,501,260,325,516,325,343,362,277,562,335,614,460,489,587,920,1138,539,287
368,2020-01-05 00:00:00+00:00,563,592,551,562,513,358,306,470,508,247,273,483,342,336,430,326,542,342,613,473,507,591,902,1179,580,266
369,2020-01-06 00:00:00+00:00,552,591,536,585,518,373,299,454,482,236,342,28,322,334,426,340,534,328,585,449,550,605,929,1225,588,291
370,2020-01-07 00:00:00+00:00,492,554,455,491,441,310,255,383,430,196,307,437,282,290,402,311,465,306,573,411,505,549,820,1132,527,261
371,2020-01-08 00:00:00+00:00,487,484,466,508,449,305,277,429,418,220,278,447,273,295,368,289,474,278,553,382,442,479,725,1065,482,259
372,2020-01-09 00:00:00+00:00,532,564,528,541,478,332,289,447,469,258,295,505,326,322,450,344,549,342,606,453,537,577,858,1201,582,278
373,2020-01-10 00:00:00+00:00,572,582,531,565,506,352,317,474,496,245,302,522,348,347,447,334,524,344,627,447,529,596,877,1199,591,289
374,2020-01-11 00:00:00+00:00,472,524,437,520,423,272,245,478,477,256,314,519,337,333,350,256,517,344,550,451,456,552,838,722,558,264
375,2020-01-12 00:00:00+00:00,485,538,491,517,444,315,278,390,453,192,298,445,292,167,427,317,523,322,559,417,390,485,694,722,517,244
376,2020-01-13 00:00:00+00:00,471,466,498,525,472,312,275,435,433,220,318,441,287,185,395,290,458,299,527,363,463,497,738,1119,453,265
377,2020-01-14 00:00:00+00:00,495,549,453,492,420,225,272,446,481,249,333,508,300,333,431,323,523,338,599,430,518,575,867,1190,554,314
378,2020-01-15 00:00:00+00:00,502,573,479,543,459,296,283,452,472,245,306,523,343,325,419,283,565,350,591,451,516,577,831,1134,552,313
379,2020-01-16 00:00:00+00:00,512,570,519,531,487,319,280,461,496,147,318,494,322,332,447,353,543,328,604,456,514,555,839,1187,557,292
380,2020-01-17 00:00:00+00:00,554,607,537,575,500,335,326,466,525,149,348,555,371,333,458,357,521,329,614,467,559,662,940,1149,599,319
381,2020-01-18 00:00:00+00:00,433,474,412,499,408,244,244,430,386,142,245,372,247,265,244,181,465,282,460,354,263,410,628,594,362,234
382,2020-01-19 00:00:00+00:00,480,540,487,504,449,312,309,391,467,121,322,457,308,291,435,314,473,347,545,433,444,446,685,967,499,213
383,2020-01-20 00:00:00+00:00,464,481,502,536,481,309,313,431,443,215,300,432,295,308,398,300,445,311,530,374,451,478,702,1065,445,195
384,2020-01-21 00:00:00+00:00,466,527,432,494,420,264,284,384,463,195,277,449,313,296,430,317,461,333,518,418,502,520,801,1161,538,176
385,2020-01-22 00:00:00+00:00,472,474,449,544,438,283,285,408,456,219,301,459,316,306,400,303,469,321,518,383,444,456,732,1048,473,199
386,2020-01-23 00:00:00+00:00,527,574,525,548,475,317,323,451,514,256,327,510,351,350,464,355,525,342,575,465,540,579,879,1162,567,243
387,2020-01-24 00:00:00+00:00,540,598,518,574,510,342,375,461,522,253,316,524,364,334,483,369,521,352,500,474,543,602,888,1207,574,255
388,2020-01-25 00:00:00+00:00,417,480,378,483,387,253,257,381,432,202,311,432,306,292,347,244,474,350,403,423,448,555,760,1043,495,297
389,2020-01-26 00:00:00+00:00,465,461,502,522,471,314,274,418,398,212,309,289,277,298,381,273,459,346,535,392,411,438,667,959,481,257
390,2020-01-27 00:00:00+00:00,507,594,523,558,496,330,278,443,451,250,320,460,343,346,469,346,457,338,599,468,523,577,845,1183,561,303
391,2020-01-28 00:00:00+00:00,485,551,466,526,445,282,268,438,437,229,368,462,334,334,485,340,502,354,591,449,520,572,845,1160,546,309
392,2020-01-29 00:00:00+00:00,504,570,480,544,457,293,290,435,461,245,340,499,343,331,462,310,480,342,605,459,515,554,810,1142,529,323
393,2020-01-30 00:00:00+00:00,466,538,498,529,448,295,273,370,420,205,345,378,313,307,456,317,440,344,570,394,503,548,811,1165,515,278
394,2020-01-31 00:00:00+00:00,523,489,501,538,476,318,283,411,405,216,264,423,289,316,409,301,424,310,561,393,471,456,738,1128,468,295
395,2020-02-01 00:00:00+00:00,468,543,415,534,435,277,260,459,463,236,311,430,323,382,341,248,490,365,624,476,496,568,837,1061,532,324
396,2020-02-02 00:00:00+00:00,532,576,527,567,494,328,296,461,441,211,337,491,319,365,445,333,489,340,553,469,480,516,747,1009,515,299
397,2020-02-03 00:00:00+00:00,524,593,559,587,496,325,323,453,411,220,369,464,321,354,474,339,471,340,523,462,543,579,806,1186,566,368
398,2020-02-04 00:00:00+00:00,511,585,487,528,474,287,292,447,402,215,351,248,297,349,458,324,489,351,615,442,522,589,850,1167,550,352
399,2020-02-05 00:00:00+00:00,520,574,507,558,499,311,301,446,394,208,358,476,306,350,461,330,465,363,644,447,493,549,809,1114,529,333
400,2020-02-06 00:00:00+00:00,540,554,547,587,487,323,325,448,387,217,306,450,294,350,467,334,472,357,619,445,493,572,849,1117,520,337
401,2020-02-07 00:00:00+00:00,557,610,539,597,505,335,329,453,395,219,308,463,298,347,453,334,305,379,646,454,471,550,854,1223,539,362
402,2020-02-08 00:00:00+00:00,495,540,427,531,427,284,290,462,374,215,336,456,298,343,289,224,185,354,632,394,500,598,828,1091,567,324
403,2020-02-09 00:00:00+00:00,497,380,428,493,485,320,263,457,353,210,309,461,290,337,350,312,362,367,639,441,466,479,714,830,522,326
404,2020-02-10 00:00:00+00:00,517,559,436,517,531,335,231,446,296,203,314,417,274,355,472,343,418,348,634,425,506,580,875,1167,561,290
405,2020-02-11 00:00:00+00:00,546,573,454,584,466,292,284,443,292,198,299,243,242,332,443,307,414,365,553,411,543,574,859,1178,546,345
406,2020-02-12 00:00:00+00:00,551,609,511,602,477,318,306,455,290,184,328,223,255,229,458,316,438,365,655,428,536,546,838,1091,551,353
407,2020-02-13 00:00:00+00:00,556,613,554,599,525,336,305,456,263,199,303,411,243,329,469,354,427,366,648,416,532,609,869,868,531,354
408,2020-02-14 00:00:00+00:00,540,602,528,598,504,326,332,390,276,171,301,388,227,297,455,296,433,361,614,421,544,581,854,1320,581,349
409,2020-02-15 00:00:00+00:00,454,426,457,532,404,283,275,426,236,189,303,227,193,320,273,196,399,339,582,359,427,520,744,1044,465,283
410,2020-02-16 00:00:00+00:00,544,523,520,573,498,337,303,465,261,196,312,424,246,344,485,346,411,364,610,436,495,499,757,1054,513,301
411,2020-02-17 00:00:00+00:00,550,587,564,613,531,353,313,453,247,174,310,383,232,345,469,341,392,347,628,410,530,567,850,1207,549,364
412,2020-02-18 00:00:00+00:00,553,591,495,571,492,307,280,435,242,169,318,370,228,345,455,323,400,343,620,387,495,597,905,1236,558,345
413,2020-02-19 00:00:00+00:00,545,592,530,583,505,328,307,442,239,159,351,168,231,343,467,329,460,367,603,407,541,577,872,1231,566,351
414,2020-02-20 00:00:00+00:00,564,605,553,634,496,345,322,463,240,186,319,383,231,359,518,352,477,371,604,406,548,591,884,1245,567,356
415,2020-02-21 00:00:00+00:00,608,627,570,642,552,367,344,458,238,181,333,224,234,362,490,335,426,375,625,432,564,608,892,1270,601,378
416,2020-02-22 00:00:00+00:00,512,560,483,553,445,305,295,460,233,190,362,392,241,348,311,232,366,382,627,393,510,588,858,1153,558,320
417,2020-02-23 00:00:00+00:00,578,608,454,598,518,354,307,464,246,177,309,359,222,343,486,345,425,399,595,416,505,528,773,1108,569,250
418,2020-02-24 00:00:00+00:00,547,610,555,635,537,341,325,450,213,175,337,182,208,356,481,346,486,374,643,384,537,607,872,1234,574,246
419,2020-02-25 00:00:00+00:00,553,600,527,591,489,215,304,442,211,171,317,159,205,343,456,319,148,256,623,359,542,591,878,1229,556,279
420,2020-02-26 00:00:00+00:00,557,611,526,630,511,322,335,451,239,170,327,368,217,345,463,323,324,218,656,381,504,594,873,1172,543,343
421,2020-02-27 00:00:00+00:00,571,592,569,663,532,345,344,467,224,179,311,354,197,356,494,356,472,371,637,371,429,605,902,1283,570,346
422,2020-02-28 00:00:00+00:00,583,611,570,635,541,339,346,469,248,177,324,296,210,350,476,338,482,383,644,406,544,630,904,1275,591,328
423,2020-02-29 00:00:00+00:00,508,569,476,572,435,280,274,463,249,179,311,346,207,353,314,243,493,382,631,384,504,601,876,1148,563,318
424,2020-03-01 00:00:00+00:00,567,615,558,610,510,331,317,463,227,166,347,241,185,314,500,339,472,385,640,405,523,521,775,1085,572,314
425,2020-03-02 00:00:00+00:00,548,584,568,580,540,327,319,458,205,144,366,256,165,344,475,338,466,359,635,337,557,598,868,1246,576,362
426,2020-03-03 00:00:00+00:00,542,581,529,582,483,272,291,442,199,159,369,152,165,348,438,319,365,365,635,205,559,586,895,1229,570,328
427,2020-03-04 00:00:00+00:00,546,605,526,598,504,276,313,458,217,151,339,252,182,348,488,312,328,361,632,284,576,601,861,1227,556,337
428,2020-03-05 00:00:00+00:00,553,599,562,593,500,294,317,453,228,152,321,214,169,332,449,352,463,372,625,316,568,602,926,1275,564,346
429,2020-03-06 00:00:00+00:00,585,595,561,593,517,306,332,457,215,153,331,179,165,346,476,338,474,374,637,363,587,630,899,1282,592,362
430,2020-03-07 00:00:00+00:00,485,537,465,511,444,270,271,461,221,157,331,197,169,319,295,243,471,363,630,36,532,606,862,1191,560,325
431,2020-03-08 00:00:00+00:00,535,578,543,534,506,296,296,465,221,150,348,206,160,330,467,306,429,396,626,211,550,578,852,1227,584,320
432,2020-03-09 00:00:00+00:00,494,574,542,519,503,254,276,450,171,114,313,121,131,336,449,333,389,340,636,38,561,600,886,1263,577,358
433,2020-03-10 00:00:00+00:00,487,550,501,464,461,194,209,445,204,127,309,131,148,333,479,342,334,359,590,176,555,575,880,1253,566,328
434,2020-03-11 00:00:00+00:00,482,539,505,456,448,116,229,438,197,125,290,134,161,319,476,324,376,354,572,278,584,576,875,1257,568,326
435,2020-03-12 00:00:00+00:00,494,554,525,477,462,105,240,445,200,133,265,29,144,319,501,369,433,360,625,281,563,597,896,1287,572,345
436,2020-03-13 00:00:00+00:00,521,563,525,477,474,93,254,423,185,120,284,127,145,325,451,321,391,369,626,317,570,591,894,1292,608,356
437,2020-03-14 00:00:00+00:00,411,504,419,416,370,58,225,373,197,120,271,127,157,242,314,242,399,342,634,319,542,572,874,1151,582,331
438,2020-03-15 00:00:00+00:00,439,542,505,395,416,67,223,457,177,118,271,126,142,104,451,332,364,357,580,331,516,533,812,1177,560,313
439,2020-03-16 00:00:00+00:00,362,487,466,365,371,65,185,367,184,108,215,101,136,103,437,328,330,323,570,286,490,564,857,1207,562,320
440,2020-03-17 00:00:00+00:00,332,395,384,303,267,57,140,352,200,110,247,71,121,95,392,294,226,299,562,235,507,566,860,1236,537,302
441,2020-03-18 00:00:00+00:00,323,340,290,285,186,55,109,347,198,118,288,34,143,97,396,269,257,291,534,259,470,507,797,1176,522,267
442,2020-03-19 00:00:00+00:00,280,337,295,258,152,49,113,341,201,117,273,97,122,78,373,289,270,252,474,213,457,481,787,1174,501,280
443,2020-03-20 00:00:00+00:00,272,310,289,256,124,68,115,351,186,121,285,76,119,57,360,263,266,242,460,228,450,474,768,1134,416,281
444,2020-03-21 00:00:00+00:00,187,264,199,205,96,55,76,327,191,124,299,73,120,51,232,183,217,218,425,184,399,434,668,938,388,246
445,2020-03-22 00:00:00+00:00,193,255,225,211,102,53,70,313,177,102,298,113,94,38,328,221,176,137,263,91,370,348,585,820,361,169
446,2020-03-23 00:00:00+00:00,102,221,157,142,66,56,49,297,163,92,274,88,88,30,277,215,138,139,250,25,285,337,580,804,337,141
447,2020-03-24 00:00:00+00:00,117,187,127,103,75,51,31,277,190,98,243,101,95,30,238,175,142,117,218,84,210,307,569,764,306,101
448,2020-03-25 00:00:00+00:00,125,173,130,116,62,55,33,280,194,100,270,78,98,33,201,145,39,6,16,73,184,299,537,691,249,89
449,2020-03-26 00:00:00+00:00,121,180,132,126,71,57,39,289,168,105,254,61,92,45,193,133,48,11,15,54,161,263,495,646,251,76
450,2020-03-27 00:00:00+00:00,108,178,126,108,75,44,47,285,175,101,281,110,82,27,168,109,41,7,16,68,168,251,440,611,226,79
451,2020-03-28 00:00:00+00:00,79,166,82,117,53,50,22,261,155,108,278,102,88,22,98,56,30,10,13,67,124,251,439,605,218,60
452,2020-03-29 00:00:00+00:00,74,158,74,120,55,43,33,238,134,77,245,77,71,15,92,50,31,9,11,56,110,252,438,578,195,45
453,2020-03-30 00:00:00+00:00,63,123,62,114,40,39,32,204,132,78,240,86,59,21,97,63,23,3,6,42,100,232,410,590,193,46
454,2020-03-31 00:00:00+00:00,81,119,73,97,56,37,27,151,145,86,229,92,83,24,93,59,33,16,13,44,123,248,439,588,196,54
455,2020-04-01 00:00:00+00:00,72,93,65,93,47,46,33,123,162,83,238,105,85,21,87,62,53,10,16,59,117,204,410,567,146,57
456,2020-04-02 00:00:00+00:00,66,98,73,89,48,44,29,102,165,80,197,93,88,27,92,59,47,14,11,53,103,140,355,494,124,38
457,2020-04-03 00:00:00+00:00,62,97,69,112,44,45,28,88,158,83,266,115,82,26,88,50,50,13,12,66,118,145,341,565,115,57
458,2020-04-04 00:00:00+00:00,51,99,59,95,36,38,21,77,153,83,263,97,78,21,60,30,53,14,17,59,87,154,333,469,122,34
459,2020-04-05 00:00:00+00:00,53,94,59,94,37,44,24,74,140,82,234,98,72,12,81,38,50,16,12,59,88,132,315,464,120,36
460,2020-04-06 00:00:00+00:00,57,73,63,107,30,41,28,64,120,61,243,80,54,23,87,57,36,6,14,50,85,153,322,492,124,49
461,2020-04-07 00:00:00+00:00,71,63,59,84,40,42,17,59,158,82,229,109,84,24,85,58,44,11,12,45,88,145,304,442,106,34
462,2020-04-08 00:00:00+00:00,67,77,49,88,35,41,28,60,154,79,211,118,89,26,86,56,59,11,15,65,94,129,260,431,119,43
463,2020-04-09 00:00:00+00:00,56,83,64,97,39,41,22,55,168,70,183,103,93,16,70,35,62,18,22,50,100,141,236,463,108,29
464,2020-04-10 00:00:00+00:00,64,79,62,101,32,33,20,64,160,55,161,75,91,17,48,18,58,14,13,71,86,139,245,422,104,36
465,2020-04-11 00:00:00+00:00,48,68,45,89,23,40,17,60,155,63,136,108,93,18,40,16,59,18,13,52,88,133,219,395,96,38
466,2020-04-12 00:00:00+00:00,46,67,56,79,30,22,22,61,141,49,151,87,82,15,40,15,53,18,11,49,67,114,200,374,99,25
467,2020-04-13 00:00:00+00:00,42,76,47,97,30,24,20,43,124,41,137,90,72,22,52,15,40,11,10,40,75,121,213,415,87,41
468,2020-04-14 00:00:00+00:00,64,59,48,77,35,34,10,53,155,61,106,115,83,30,61,41,42,8,12,40,84,118,235,395,111,37
469,2020-04-15 00:00:00+00:00,63,72,53,82,30,34,19,53,159,59,152,148,92,28,69,39,67,15,15,60,93,124,225,379,90,29
470,2020-04-16 00:00:00+00:00,63,80,63,89,44,27,24,50,162,61,130,58,94,31,63,44,63,10,17,51,86,115,213,376,91,25
471,2020-04-17 00:00:00+00:00,52,79,56,91,37,36,28,69,164,59,111,71,98,25,67,32,65,16,11,65,91,118,227,341,75,38
472,2020-04-18 00:00:00+00:00,49,69,56,89,33,24,25,50,171,56,109,113,97,29,50,23,69,12,21,50,74,118,211,300,75,31
473,2020-04-19 00:00:00+00:00,50,76,58,84,20,25,18,48,148,44,102,79,76,19,48,27,63,13,16,50,66,114,194,300,80,23
474,2020-04-20 00:00:00+00:00,53,80,56,106,28,39,15,47,135,35,76,80,67,25,82,52,56,11,15,44,73,107,200,322,71,44
475,2020-04-21 00:00:00+00:00,63,59,62,93,38,32,20,46,173,61,81,128,98,29,70,47,68,13,22,51,93,107,212,317,78,37
476,2020-04-22 00:00:00+00:00,72,74,58,104,31,32,17,41,173,58,66,149,100,27,65,53,73,19,20,75,83,113,213,320,78,33
477,2020-04-23 00:00:00+00:00,65,83,69,91,38,30,25,49,163,65,77,126,98,25,69,47,86,13,22,40,80,112,219,328,94,40
478,2020-04-24 00:00:00+00:00,53,77,56,103,42,40,33,60,187,57,75,118,95,33,53,28,81,16,24,69,81,117,220,346,84,44
479,2020-04-25 00:00:00+00:00,57,67,62,109,30,30,26,66,189,55,86,99,95,19,55,23,79,15,22,60,62,108,203,307,81,20
480,2020-04-26 00:00:00+00:00,53,80,66,112,29,34,21,68,166,44,73,128,88,21,43,20,77,22,20,62,69,102,196,324,76,25
481,2020-04-27 00:00:00+00:00,48,80,69,112,28,36,29,56,163,38,68,110,79,25,81,47,59,10,15,48,74,108,206,335,77,33
482,2020-04-28 00:00:00+00:00,72,79,53,100,39,28,21,54,199,64,78,93,99,34,69,45,76,21,25,51,80,101,219,329,98,31
483,2020-04-29 00:00:00+00:00,75,88,68,110,34,43,25,61,205,60,78,64,105,29,70,48,87,16,19,49,79,114,228,337,96,36
484,2020-04-30 00:00:00+00:00,67,88,78,105,39,37,20,88,171,61,78,78,108,31,70,40,87,19,27,6,85,102,223,343,92,33
485,2020-05-01 00:00:00+00:00,60,84,70,107,37,36,29,100,188,60,79,70,103,32,55,29,86,12,16,69,88,116,233,376,79,40
486,2020-05-02 00:00:00+00:00,46,86,69,109,25,30,22,72,170,49,68,77,101,20,49,22,83,18,17,55,74,109,220,323,81,36
487,2020-05-03 00:00:00+00:00,59,95,67,105,27,38,26,60,157,42,76,102,83,20,53,21,78,20,17,53,72,107,208,328,99,32
488,2020-05-04 00:00:00+00:00,53,94,78,111,28,45,30,69,144,34,59,96,72,23,79,46,61,10,21,46,79,124,202,375,83,52
489,2020-05-05 00:00:00+00:00,79,81,74,110,32,36,17,78,177,45,63,104,96,37,79,49,82,16,20,53,78,118,235,304,101,55
490,2020-05-06 00:00:00+00:00,77,97,85,101,32,34,30,60,167,47,58,127,103,35,75,47,75,18,16,64,85,124,216,252,86,52
491,2020-05-07 00:00:00+00:00,75,103,85,108,44,42,34,52,187,56,58,101,103,38,74,44,82,28,27,56,87,137,243,383,99,56
492,2020-05-08 00:00:00+00:00,74,95,90,102,33,34,40,59,194,45,58,103,111,44,64,27,77,22,24,50,87,132,235,374,87,64
493,2020-05-09 00:00:00+00:00,50,94,72,111,26,38,34,55,186,50,70,54,107,36,45,22,85,20,27,1,63,131,230,257,81,35
494,2020-05-10 00:00:00+00:00,67,102,82,109,25,36,24,78,184,40,65,115,94,25,57,20,85,27,25,,76,129,219,367,91,25
495,2020-05-11 00:00:00+00:00,68,104,82,117,40,43,35,79,172,35,67,88,90,30,69,46,69,17,23,34,76,134,226,367,78,52
496,2020-05-12 00:00:00+00:00,90,79,78,111,45,39,26,67,191,49,63,127,108,42,86,50,84,22,23,58,80,120,246,258,88,62
497,2020-05-13 00:00:00+00:00,84,94,83,110,44,42,34,73,218,56,62,142,122,46,85,57,95,23,30,70,88,137,237,392,92,52
498,2020-05-14 00:00:00+00:00,100,105,96,113,42,42,40,70,218,62,73,95,123,48,77,47,102,21,35,61,80,140,236,363,100,47
499,2020-05-15 00:00:00+00:00,98,91,79,116,44,44,40,83,189,56,77,64,125,41,69,32,90,27,28,73,90,137,249,398,92,49
500,2020-05-16 00:00:00+00:00,72,94,83,107,31,35,38,79,210,50,64,64,123,34,59,29,97,27,21,59,62,133,235,260,91,36
501,2020-05-17 00:00:00+00:00,72,105,83,104,30,38,37,88,180,44,71,82,98,34,56,26,84,26,32,60,74,130,232,367,90,28
502,2020-05-18 00:00:00+00:00,75,102,86,124,37,46,32,80,159,33,55,71,81,29,81,47,60,16,15,43,71,136,226,382,94,47
503,2020-05-19 00:00:00+00:00,80,81,86,104,31,44,34,70,204,60,46,106,115,46,86,53,95,30,38,64,77,133,246,261,82,47
504,2020-05-20 00:00:00+00:00,98,103,93,112,49,47,54,96,203,60,59,151,122,51,86,49,103,30,28,73,96,126,250,401,89,59
505,2020-05-21 00:00:00+00:00,92,110,94,111,49,43,45,79,192,61,59,85,123,39,77,52,103,24,39,66,94,133,247,388,106,49
506,2020-05-22 00:00:00+00:00,94,100,89,118,52,46,34,90,190,63,55,96,130,41,64,36,97,28,52,44,96,157,252,403,92,61
507,2020-05-23 00:00:00+00:00,66,112,92,114,34,40,25,88,190,54,51,87,121,39,49,30,93,27,42,21,67,154,232,258,75,47
508,2020-05-24 00:00:00+00:00,81,110,91,117,28,43,45,94,173,42,59,112,94,34,54,21,78,32,30,43,73,125,218,375,89,33
509,2020-05-25 00:00:00+00:00,79,100,85,115,42,40,44,94,163,40,65,102,86,41,79,50,76,43,141,48,80,148,233,373,78,47
510,2020-05-26 00:00:00+00:00,88,84,96,120,47,43,45,82,205,52,55,142,112,62,82,57,93,36,156,59,83,141,224,255,73,52
511,2020-05-27 00:00:00+00:00,109,102,103,111,50,44,47,86,194,65,59,147,117,43,74,55,111,52,165,79,92,140,256,398,84,54
512,2020-05-28 00:00:00+00:00,94,105,102,110,50,41,44,85,191,59,54,126,112,52,91,58,109,45,165,63,88,148,245,391,96,48
513,2020-05-29 00:00:00+00:00,104,101,94,131,49,36,46,103,191,55,70,158,120,55,68,33,111,53,168,50,97,149,247,410,88,50
514,2020-05-30 00:00:00+00:00,78,102,88,119,35,42,40,97,179,52,62,105,120,43,51,24,125,45,173,24,73,155,237,260,85,36
515,2020-05-31 00:00:00+00:00,85,102,98,112,31,41,31,98,170,43,62,131,103,36,64,21,102,46,158,63,86,148,238,389,97,25
516,2020-06-01 00:00:00+00:00,88,110,94,125,33,42,58,128,160,32,68,106,88,36,83,51,47,45,168,47,97,149,247,393,104,39
517,2020-06-02 00:00:00+00:00,106,95,97,114,44,36,32,114,176,49,78,56,113,39,77,50,43,41,150,58,108,157,260,283,107,49
518,2020-06-03 00:00:00+00:00,122,101,93,125,46,58,43,114,186,52,75,67,116,56,78,47,92,26,177,71,117,150,270,385,114,55
519,2020-06-04 00:00:00+00:00,119,119,114,119,41,51,53,107,186,55,86,71,127,54,77,57,117,51,179,64,116,160,252,415,134,43
520,2020-06-05 00:00:00+00:00,137,110,112,128,43,52,66,130,174,55,100,157,125,63,67,39,112,55,174,73,126,160,286,425,133,75
521,2020-06-06 00:00:00+00:00,94,121,105,121,35,45,53,108,175,51,90,133,123,56,58,19,110,47,171,60,78,160,264,267,116,38
522,2020-06-07 00:00:00+00:00,116,122,101,134,29,52,61,126,163,40,83,61,99,48,58,24,119,58,182,74,107,158,288,382,135,29
523,2020-06-08 00:00:00+00:00,114,121,121,136,52,53,82,110,153,35,100,83,81,48,79,39,94,49,162,45,98,174,269,422,120,47
524,2020-06-09 00:00:00+00:00,136,91,111,117,43,46,33,118,164,51,113,131,109,71,82,54,103,57,176,65,106,169,289,348,130,48
525,2020-06-10 00:00:00+00:00,128,99,112,128,46,52,45,112,190,49,103,112,113,68,74,53,113,59,181,71,118,165,315,298,127,68
526,2020-06-11 00:00:00+00:00,140,116,134,127,44,46,50,125,196,54,110,135,122,69,86,53,108,62,186,63,123,192,298,436,151,56
527,2020-06-12 00:00:00+00:00,150,109,127,148,57,54,57,134,175,57,115,111,119,67,76,37,125,63,185,82,118,183,311,426,136,50
528,2020-06-13 00:00:00+00:00,128,108,119,129,43,48,55,103,166,49,90,135,117,64,52,29,108,56,183,72,83,182,292,281,117,31
529,2020-06-14 00:00:00+00:00,122,112,117,146,39,53,73,136,161,37,101,114,99,55,83,35,119,58,180,65,106,173,293,396,144,37
530,2020-06-15 00:00:00+00:00,139,115,142,155,50,58,95,143,149,35,156,71,77,65,99,58,112,50,184,53,98,177,297,420,123,98
531,2020-06-16 00:00:00+00:00,134,89,121,141,49,54,48,108,164,46,146,88,108,68,84,57,106,57,181,56,106,179,290,374,121,58
532,2020-06-17 00:00:00+00:00,146,97,116,158,52,62,66,114,152,46,155,118,90,73,83,56,93,52,176,60,103,158,264,212,97,64
533,2020-06-18 00:00:00+00:00,172,116,144,151,62,60,70,121,171,60,149,144,122,70,104,64,124,64,209,70,115,189,316,426,141,66
534,2020-06-19 00:00:00+00:00,171,111,149,161,56,58,91,137,177,67,142,157,120,79,92,47,138,77,208,86,119,191,320,434,151,96
535,2020-06-20 00:00:00+00:00,135,116,131,146,36,61,78,130,166,67,169,140,121,70,80,31,137,76,212,66,94,193,300,282,127,37
536,2020-06-21 00:00:00+00:00,138,122,139,164,51,67,97,146,165,49,141,92,99,65,82,43,128,69,193,60,114,183,280,397,140,66
537,2020-06-22 00:00:00+00:00,159,120,151,163,63,64,99,145,156,44,133,112,82,60,100,59,121,83,207,59,113,180,309,356,121,80
538,2020-06-23 00:00:00+00:00,174,96,140,140,69,59,55,149,186,59,154,113,123,76,98,61,113,83,198,62,124,192,327,464,136,59
539,2020-06-24 00:00:00+00:00,182,114,141,152,79,62,75,143,187,62,125,15,121,83,101,64,145,82,192,70,129,185,310,310,121,73
540,2020-06-25 00:00:00+00:00,198,119,149,159,77,74,90,142,171,68,119,20,128,63,99,70,140,77,203,62,119,203,331,428,149,69
541,2020-06-26 00:00:00+00:00,178,118,153,162,77,67,108,154,167,63,142,138,127,84,87,47,150,91,183,76,140,201,331,406,151,85
542,2020-06-27 00:00:00+00:00,140,111,132,157,59,60,93,149,172,62,163,126,121,64,75,34,137,93,199,72,97,198,323,297,131,39
543,2020-06-28 00:00:00+00:00,150,122,154,161,68,74,96,163,162,51,142,97,99,61,85,39,133,85,179,59,115,196,310,413,148,66
544,2020-06-29 00:00:00+00:00,153,118,162,169,76,69,110,155,148,43,168,54,78,62,101,63,110,79,177,51,118,183,337,388,130,84
545,2020-06-30 00:00:00+00:00,174,100,149,149,71,61,75,169,163,59,184,124,108,74,109,63,112,84,180,65,125,181,325,436,130,70
546,2020-07-01 00:00:00+00:00,236,153,173,215,118,115,119,172,163,62,234,88,115,76,112,68,143,74,177,62,122,188,325,313,157,88
547,2020-07-02 00:00:00+00:00,234,160,202,214,119,104,122,180,166,71,243,63,113,74,111,77,128,70,176,67,138,212,386,457,202,99
548,2020-07-03 00:00:00+00:00,254,159,226,226,144,123,145,194,169,68,181,58,120,72,104,55,142,84,187,78,143,216,378,452,201,110
549,2020-07-04 00:00:00+00:00,202,151,216,234,119,103,134,195,164,65,255,127,125,69,83,36,141,79,185,71,113,197,342,300,175,51
550,2020-07-05 00:00:00+00:00,234,160,211,249,120,113,130,185,157,55,247,120,105,59,101,51,138,85,190,64,145,206,335,417,185,71
551,2020-07-06 00:00:00+00:00,232,137,216,223,111,121,123,186,133,46,263,100,83,64,112,66,109,60,146,53,138,240,386,518,184,98
552,2020-07-07 00:00:00+00:00,234,131,205,201,122,92,110,168,167,63,253,114,107,65,119,62,117,28,181,61,158,260,403,561,203,71
553,2020-07-08 00:00:00+00:00,238,159,214,232,122,114,123,186,159,55,256,141,125,76,105,65,130,23,177,75,162,250,417,632,202,88
554,2020-07-09 00:00:00+00:00,257,174,230,218,125,102,133,184,168,73,243,98,120,76,106,58,137,41,193,65,171,266,433,654,207,87
555,2020-07-10 00:00:00+00:00,264,166,236,216,140,118,168,192,162,71,264,147,126,76,110,38,155,43,200,76,162,258,426,719,196,124
556,2020-07-11 00:00:00+00:00,234,165,235,235,121,110,151,192,169,65,261,96,130,62,81,22,155,58,201,71,143,260,420,682,202,56
557,2020-07-12 00:00:00+00:00,236,183,224,238,131,118,152,190,156,58,204,17,115,55,90,34,156,46,192,60,146,258,413,641,209,60
558,2020-07-13 00:00:00+00:00,249,162,230,241,125,126,135,186,134,55,193,10,89,56,130,49,118,50,190,59,144,254,418,700,190,110
559,2020-07-14 00:00:00+00:00,249,142,206,205,136,110,109,181,168,70,188,121,107,75,100,45,132,46,191,62,131,244,424,670,197,80
560,2020-07-15 00:00:00+00:00,288,168,229,235,157,133,133,187,169,67,161,149,121,85,114,48,166,41,196,70,158,251,413,608,187,105
561,2020-07-16 00:00:00+00:00,308,208,242,229,174,114,145,185,180,73,157,109,129,79,107,46,154,29,196,72,161,262,438,665,224,95
562,2020-07-17 00:00:00+00:00,315,212,274,243,203,132,150,200,163,67,182,155,131,77,114,40,170,38,197,83,158,271,449,715,213,122
563,2020-07-18 00:00:00+00:00,268,216,248,251,163,114,165,206,177,75,160,91,128,78,83,18,155,54,211,77,135,261,429,677,207,56
564,2020-07-19 00:00:00+00:00,254,210,251,234,167,123,151,172,132,47,207,13,92,54,81,23,142,42,159,64,141,247,402,623,201,70
565,2020-07-20 00:00:00+00:00,295,202,266,251,173,136,150,197,126,50,160,74,95,64,125,51,144,51,199,58,150,261,427,707,204,111
566,2020-07-21 00:00:00+00:00,285,177,227,214,165,111,125,190,157,73,237,104,118,72,108,41,137,48,188,66,135,242,421,661,195,96
567,2020-07-22 00:00:00+00:00,302,197,244,236,171,124,151,198,157,88,322,121,126,79,119,50,178,53,203,81,137,249,415,603,170,89
568,2020-07-23 00:00:00+00:00,296,207,239,209,157,104,160,189,159,95,216,6,123,78,96,44,153,48,176,76,162,257,443,656,202,99
569,2020-07-24 00:00:00+00:00,330,216,278,252,191,129,161,201,163,85,254,142,129,79,118,29,178,47,207,83,160,264,440,721,198,116
570,2020-07-25 00:00:00+00:00,303,216,265,249,161,122,172,207,157,87,324,134,126,69,78,20,164,51,206,73,138,266,425,675,201,66
571,2020-07-26 00:00:00+00:00,311,238,276,254,185,126,163,211,159,76,356,113,113,67,85,22,161,49,205,65,149,253,411,639,202,70
572,2020-07-27 00:00:00+00:00,315,198,257,251,170,129,157,190,132,72,289,108,90,74,111,45,148,41,193,59,141,254,414,700,195,114
573,2020-07-28 00:00:00+00:00,304,171,221,208,161,112,122,197,161,89,253,46,106,75,109,41,133,39,194,79,138,246,424,654,180,87
574,2020-07-29 00:00:00+00:00,313,184,244,239,170,132,139,197,169,85,171,69,124,90,124,49,156,42,221,90,153,251,415,606,170,102
575,2020-07-30 00:00:00+00:00,308,191,236,192,177,103,147,184,140,85,164,131,110,75,96,45,121,36,192,77,123,198,328,485,164,87
576,2020-07-31 00:00:00+00:00,346,216,292,239,204,145,177,214,147,94,184,103,122,74,113,31,135,41,206,88,145,245,405,635,176,114
577,2020-08-01 00:00:00+00:00,321,265,275,282,206,162,184,247,164,99,234,32,134,79,83,19,154,53,204,70,145,276,433,632,212,68
578,2020-08-02 00:00:00+00:00,351,283,292,273,228,177,186,240,147,93,253,54,119,67,95,26,161,51,184,82,146,272,433,605,228,77
579,2020-08-03 00:00:00+00:00,325,245,339,276,234,164,159,240,146,82,283,25,96,79,110,33,128,41,176,60,147,280,445,699,227,116
580,2020-08-04 00:00:00+00:00,303,201,302,233,207,136,128,221,161,93,338,1,124,65,91,26,143,5,189,74,124,264,435,687,187,118
581,2020-08-05 00:00:00+00:00,326,214,322,278,201,147,144,231,158,100,369,8,128,67,95,28,153,8,193,92,157,262,440,664,201,114
582,2020-08-06 00:00:00+00:00,332,246,329,258,225,144,158,232,155,106,357,53,130,62,106,46,167,21,213,80,154,282,457,682,235,120
583,2020-08-07 00:00:00+00:00,347,262,357,282,248,164,183,223,172,109,361,28,130,56,77,29,182,20,215,95,165,276,455,731,243,130
584,2020-08-08 00:00:00+00:00,318,259,324,285,223,161,187,232,171,103,311,3,146,51,68,19,173,30,206,81,149,287,456,686,220,62
585,2020-08-09 00:00:00+00:00,333,272,348,298,247,168,184,244,150,90,325,3,122,52,79,25,178,36,217,78,152,276,427,669,227,77
586,2020-08-10 00:00:00+00:00,333,243,347,279,217,166,169,259,147,88,329,8,87,57,102,35,162,38,199,69,169,294,446,656,219,92
587,2020-08-11 00:00:00+00:00,309,191,288,238,207,138,122,249,160,106,346,4,108,70,90,34,149,43,209,78,147,252,432,706,189,110
588,2020-08-12 00:00:00+00:00,324,191,310,271,195,149,140,247,159,103,289,4,118,76,95,46,171,11,216,93,160,262,432,645,197,110
589,2020-08-13 00:00:00+00:00,338,220,314,260,224,145,146,247,163,101,283,2,135,63,100,49,169,30,215,83,167,263,440,700,221,128
590,2020-08-14 00:00:00+00:00,344,255,351,283,251,170,178,252,153,103,278,5,126,65,90,26,199,27,218,102,164,269,461,709,227,145
591,2020-08-15 00:00:00+00:00,282,231,302,239,198,147,168,214,122,73,241,4,94,40,40,11,126,30,111,57,141,240,361,645,192,99
592,2020-08-16 00:00:00+00:00,348,266,357,290,236,173,186,248,154,99,286,52,110,56,83,23,167,82,211,90,155,251,429,677,234,90
593,2020-08-17 00:00:00+00:00,327,234,333,273,233,167,170,266,142,82,311,71,95,51,105,44,164,39,202,63,147,280,445,694,220,140
594,2020-08-18 00:00:00+00:00,310,191,305,227,188,132,111,260,142,96,226,137,112,68,80,38,171,83,39,80,150,259,426,674,192,120
595,2020-08-19 00:00:00+00:00,326,193,315,255,194,142,137,264,152,89,245,110,133,93,92,46,182,86,195,94,147,246,415,639,187,129
596,2020-08-20 00:00:00+00:00,346,228,317,258,226,143,136,252,174,92,289,85,137,41,92,47,194,90,228,84,174,265,441,686,218,139
597,2020-08-21 00:00:00+00:00,354,247,349,279,252,168,174,258,177,90,288,119,131,40,86,24,183,101,244,99,172,269,457,724,214,154
598,2020-08-22 00:00:00+00:00,317,254,336,273,220,153,169,262,175,90,230,28,140,39,54,17,98,87,129,94,143,260,435,678,216,112
599,2020-08-23 00:00:00+00:00,357,262,368,290,249,174,166,261,153,76,193,89,118,73,87,24,176,87,233,86,155,256,427,658,223,89
600,2020-08-24 00:00:00+00:00,335,236,333,280,227,170,146,254,150,72,177,41,97,70,101,43,161,93,226,72,162,271,445,715,215,143
601,2020-08-25 00:00:00+00:00,321,188,299,226,189,135,111,254,167,85,201,66,123,79,89,37,185,90,248,90,148,257,425,684,189,121
602,2020-08-26 00:00:00+00:00,337,193,320,258,206,146,138,249,174,84,181,32,125,83,103,46,204,103,244,96,170,231,417,639,191,126
603,2020-08-27 00:00:00+00:00,348,234,328,259,226,144,149,262,186,92,206,7,134,79,98,51,217,93,248,83,163,264,441,688,216,134
604,2020-08-28 00:00:00+00:00,370,263,352,269,243,173,173,266,173,96,262,80,134,84,87,26,216,100,260,96,166,262,444,720,214,149
605,2020-08-29 00:00:00+00:00,321,264,317,277,235,153,166,275,173,93,271,47,140,77,58,18,196,90,239,78,142,261,439,666,211,106
606,2020-08-30 00:00:00+00:00,365,270,352,283,248,182,164,268,169,71,248,118,111,72,102,21,185,91,221,94,152,276,412,662,224,100
607,2020-08-31 00:00:00+00:00,324,256,361,287,238,166,154,262,150,57,165,20,100,67,93,43,171,83,238,69,169,263,436,692,203,144
608,2020-09-01 00:00:00+00:00,296,223,312,234,183,130,117,244,176,67,145,73,120,69,99,43,189,99,253,71,150,253,439,676,189,136
609,2020-09-02 00:00:00+00:00,289,216,318,262,194,133,130,251,179,81,153,161,132,89,94,45,196,97,251,88,159,242,417,662,179,157
610,2020-09-03 00:00:00+00:00,308,222,335,265,198,136,165,250,181,83,241,144,137,89,95,49,195,97,150,79,168,261,454,695,218,144
611,2020-09-04 00:00:00+00:00,319,252,341,282,213,155,179,250,181,79,239,90,139,89,91,30,242,106,231,89,171,276,461,735,203,178
612,2020-09-05 00:00:00+00:00,279,265,343,299,200,140,163,257,170,68,133,24,145,69,69,19,231,107,239,86,136,270,419,671,212,146
613,2020-09-06 00:00:00+00:00,295,260,365,289,212,166,167,250,157,54,122,113,110,69,90,23,25,99,171,88,125,237,384,366,213,100
614,2020-09-07 00:00:00+00:00,277,224,316,281,199,153,155,246,153,51,152,116,104,61,96,43,12,93,236,64,152,268,396,726,205,123
615,2020-09-08 00:00:00+00:00,248,190,286,233,171,118,106,248,163,73,255,153,131,68,85,41,70,112,98,82,155,243,391,686,181,167
616,2020-09-09 00:00:00+00:00,272,203,304,265,173,133,128,254,187,66,260,58,130,84,92,44,219,122,197,96,165,245,413,573,180,148
617,2020-09-10 00:00:00+00:00,297,236,311,265,194,136,144,253,179,78,268,3,146,73,96,51,227,130,203,90,173,258,426,649,218,151
618,2020-09-11 00:00:00+00:00,312,248,339,281,209,157,173,260,198,79,268,48,138,65,86,27,242,122,143,95,158,261,435,725,210,159
619,2020-09-12 00:00:00+00:00,276,263,329,288,186,134,150,252,182,74,246,145,142,67,76,15,209,126,203,83,137,261,418,665,202,120
620,2020-09-13 00:00:00+00:00,294,257,341,283,211,156,168,256,173,69,256,147,122,56,82,23,204,124,197,89,148,265,411,671,219,99
621,2020-09-14 00:00:00+00:00,273,233,334,264,182,153,139,254,154,55,237,113,102,54,111,42,158,127,207,67,157,264,428,651,210,148
622,2020-09-15 00:00:00+00:00,259,198,290,218,159,115,103,234,180,72,216,72,126,65,104,42,195,133,230,88,146,235,391,630,175,91
623,2020-09-16 00:00:00+00:00,267,201,301,266,167,131,135,238,186,78,265,14,125,88,110,48,203,141,293,103,158,235,392,612,184,146
624,2020-09-17 00:00:00+00:00,286,225,326,251,188,126,118,244,187,78,291,151,140,67,95,49,214,131,271,86,163,248,426,644,224,165
625,2020-09-18 00:00:00+00:00,304,246,338,286,207,156,158,247,175,81,338,175,145,72,88,27,224,148,306,95,165,259,427,733,225,165
626,2020-09-19 00:00:00+00:00,259,258,312,280,183,129,142,258,174,80,380,128,143,72,76,19,200,127,302,89,134,271,431,664,206,131
627,2020-09-20 00:00:00+00:00,277,263,338,284,210,158,156,242,162,71,305,146,118,73,81,22,219,125,281,92,142,264,415,683,224,114
628,2020-09-21 00:00:00+00:00,254,239,313,269,180,148,119,236,154,71,334,123,108,75,96,44,169,126,171,74,153,259,430,652,211,162
629,2020-09-22 00:00:00+00:00,238,198,268,214,153,117,103,234,179,79,354,92,120,85,101,42,190,129,272,80,147,234,411,633,176,153
630,2020-09-23 00:00:00+00:00,249,202,291,255,166,128,122,228,183,70,277,103,133,95,105,48,206,146,303,100,149,240,390,612,184,164
631,2020-09-24 00:00:00+00:00,273,242,304,256,174,134,115,227,194,74,266,160,137,95,101,49,198,133,296,86,161,259,419,633,230,176
632,2020-09-25 00:00:00+00:00,301,256,324,278,205,153,167,251,186,83,266,178,145,82,89,31,244,141,313,97,146,261,428,729,210,174
633,2020-09-26 00:00:00+00:00,267,269,297,281,173,131,139,246,186,75,268,160,143,90,74,14,236,140,258,91,141,253,430,673,210,137
634,2020-09-27 00:00:00+00:00,265,257,334,279,213,152,166,252,170,64,223,153,125,73,104,27,231,126,298,98,147,257,409,683,229,119
635,2020-09-28 00:00:00+00:00,237,245,300,257,182,148,133,240,165,62,292,142,111,72,100,42,171,128,298,67,138,266,423,640,208,166
636,2020-09-29 00:00:00+00:00,226,187,257,209,150,119,96,225,184,71,295,152,130,78,102,43,202,137,242,84,141,246,409,630,180,163
637,2020-09-30 00:00:00+00:00,254,200,286,254,175,130,122,225,190,67,291,166,131,103,106,48,207,145,304,100,161,242,418,616,192,164
638,2020-10-01 00:00:00+00:00,257,274,294,254,174,122,129,244,171,69,306,79,139,81,121,49,218,135,299,86,174,244,426,659,244,175
639,2020-10-02 00:00:00+00:00,276,298,336,272,193,147,152,253,160,71,320,70,129,76,92,24,250,155,305,92,164,264,454,756,243,184
640,2020-10-03 00:00:00+00:00,246,298,294,290,174,123,153,243,148,71,321,135,116,79,94,15,237,126,247,76,135,252,449,680,231,161
641,2020-10-04 00:00:00+00:00,237,313,312,283,192,144,162,243,126,59,307,115,109,69,101,23,227,127,274,80,128,277,438,664,252,103
642,2020-10-05 00:00:00+00:00,225,280,290,251,178,137,130,227,129,49,296,98,89,70,103,37,175,134,302,59,138,264,443,654,228,187
643,2020-10-06 00:00:00+00:00,221,240,251,208,140,113,99,216,149,54,312,118,129,90,107,44,211,128,282,70,139,253,414,612,190,169
644,2020-10-07 00:00:00+00:00,231,258,273,241,164,114,118,227,164,65,282,152,134,88,111,49,222,142,313,87,139,251,419,494,191,170
645,2020-10-08 00:00:00+00:00,240,274,282,245,174,123,124,234,154,67,282,95,139,97,106,56,234,149,315,75,184,263,444,572,239,183
646,2020-10-09 00:00:00+00:00,273,304,310,257,206,145,159,237,172,73,233,89,149,101,101,27,251,156,325,83,172,289,465,755,246,201
647,2020-10-10 00:00:00+00:00,236,293,306,302,165,118,150,256,178,76,241,97,137,84,89,15,227,152,318,85,153,276,441,691,221,183
648,2020-10-11 00:00:00+00:00,232,315,318,282,178,146,172,240,163,71,252,90,116,77,104,19,238,153,306,80,123,280,442,610,242,110
649,2020-10-12 00:00:00+00:00,238,284,283,247,186,150,130,246,166,64,286,128,94,59,114,45,188,91,316,66,165,291,459,673,241,179
650,2020-10-13 00:00:00+00:00,216,233,248,214,131,107,103,207,170,65,242,151,131,62,109,43,211,154,321,87,132,245,439,628,190,194
651,2020-10-14 00:00:00+00:00,224,248,279,254,167,117,112,229,197,77,284,178,136,90,118,46,228,154,337,106,146,239,425,476,206,185
652,2020-10-15 00:00:00+00:00,240,272,271,241,173,127,115,240,199,70,225,171,144,91,126,50,220,159,325,89,174,269,476,572,242,185
653,2020-10-16 00:00:00+00:00,271,304,317,283,194,149,160,247,196,85,241,177,153,85,108,32,252,163,358,101,146,282,476,752,234,195
654,2020-10-17 00:00:00+00:00,251,305,294,289,170,125,151,228,192,81,244,167,148,67,86,17,233,163,329,97,131,275,462,671,234,187
655,2020-10-18 00:00:00+00:00,241,299,316,287,185,142,142,250,180,70,260,144,127,74,111,22,228,159,309,91,143,274,458,686,243,133
656,2020-10-19 00:00:00+00:00,223,270,282,258,172,140,109,222,163,62,245,109,115,70,117,49,185,176,330,72,147,286,478,673,238,209
657,2020-10-20 00:00:00+00:00,213,214,246,208,136,110,80,212,203,74,237,146,130,76,109,45,201,165,298,87,128,241,457,625,200,181
658,2020-10-21 00:00:00+00:00,222,236,258,234,153,108,86,211,195,77,273,76,136,81,111,50,228,194,342,104,123,246,466,487,189,183
659,2020-10-22 00:00:00+00:00,240,263,274,238,165,121,107,220,192,75,268,157,138,97,125,54,231,173,338,93,151,260,464,562,235,178
660,2020-10-23 00:00:00+00:00,262,290,312,277,188,128,129,230,198,84,261,192,149,89,109,25,253,173,355,100,152,275,489,761,240,193
661,2020-10-24 00:00:00+00:00,248,301,278,285,159,122,122,231,200,82,288,178,151,87,77,16,235,161,191,97,133,269,458,692,230,170
662,2020-10-25 00:00:00+00:00,245,325,274,286,177,141,104,230,186,75,302,142,135,77,118,22,224,178,312,96,143,273,439,652,237,118
663,2020-10-26 00:00:00+00:00,226,318,273,245,165,135,109,203,165,60,272,135,113,65,113,49,193,184,348,74,140,268,462,679,232,200
664,2020-10-27 00:00:00+00:00,216,251,215,219,145,103,75,179,188,76,250,143,133,72,112,48,209,168,324,98,137,242,447,635,204,170
665,2020-10-28 00:00:00+00:00,230,266,239,233,159,114,90,204,207,75,217,182,138,82,116,51,250,183,74,104,139,241,442,487,208,189
666,2020-10-29 00:00:00+00:00,252,278,240,254,185,125,95,203,206,82,167,171,148,96,129,53,238,178,203,99,156,255,458,578,237,186
667,2020-10-30 00:00:00+00:00,262,316,265,278,189,142,123,211,207,92,234,181,157,95,104,29,251,191,376,100,154,275,477,758,240,210
668,2020-10-31 00:00:00+00:00,239,310,239,275,144,126,94,212,191,85,284,63,150,89,82,19,247,181,332,105,135,251,428,524,213,194
669,2020-11-01 00:00:00+00:00,247,327,251,271,160,130,120,233,184,74,268,115,126,33,123,26,240,192,348,93,142,240,412,569,234,143
670,2020-11-02 00:00:00+00:00,200,297,257,228,167,126,97,203,171,69,252,139,115,85,131,52,198,198,350,79,156,279,462,675,225,213
671,2020-11-03 00:00:00+00:00,183,228,214,183,138,100,57,198,199,87,255,166,129,106,116,41,208,168,303,94,135,249,465,551,196,205
672,2020-11-04 00:00:00+00:00,193,244,217,191,165,110,78,213,217,73,318,175,154,111,126,55,242,189,360,110,137,249,439,536,200,217
673,2020-11-05 00:00:00+00:00,200,239,235,212,162,108,83,220,217,83,332,95,133,97,126,50,253,191,340,102,161,258,473,645,242,188
674,2020-11-06 00:00:00+00:00,212,252,262,224,170,118,103,205,202,84,362,60,147,88,121,29,278,210,333,98,162,282,482,708,250,216
675,2020-11-07 00:00:00+00:00,179,214,227,229,141,93,85,207,215,81,364,151,156,91,94,13,243,200,351,111,152,257,462,647,234,176
676,2020-11-08 00:00:00+00:00,196,215,251,243,153,115,91,219,203,80,370,154,138,84,137,26,249,190,332,105,152,266,436,619,255,151
677,2020-11-09 00:00:00+00:00,149,183,236,207,155,95,84,205,183,72,346,138,113,86,130,52,201,184,351,85,133,278,507,673,257,222
678,2020-11-10 00:00:00+00:00,153,134,191,163,124,65,56,197,201,74,315,159,131,98,125,54,240,169,221,102,132,249,443,529,205,189
679,2020-11-11 00:00:00+00:00,175,155,213,179,147,84,69,195,211,73,328,193,152,91,138,57,239,214,365,112,138,253,435,554,217,210
680,2020-11-12 00:00:00+00:00,165,169,232,183,148,78,76,208,225,83,336,148,140,78,136,59,248,207,367,100,149,275,485,650,240,206
681,2020-11-13 00:00:00+00:00,168,165,245,205,164,89,103,208,227,94,319,158,165,106,124,29,255,224,378,101,153,282,488,705,249,222
682,2020-11-14 00:00:00+00:00,143,160,209,197,139,69,76,203,202,77,324,99,157,98,100,18,237,177,204,115,144,285,477,649,240,191
683,2020-11-15 00:00:00+00:00,169,166,245,228,150,96,90,219,205,77,339,150,140,94,151,25,237,172,80,105,148,287,460,631,250,159
684,2020-11-16 00:00:00+00:00,133,158,230,208,162,86,85,200,201,66,313,143,114,94,142,57,192,199,352,92,143,275,498,703,244,210
685,2020-11-17 00:00:00+00:00,142,130,193,144,128,57,58,185,217,77,331,55,137,107,137,54,218,189,341,97,123,257,453,540,211,193
686,2020-11-18 00:00:00+00:00,175,142,213,174,147,69,67,200,241,81,353,95,148,122,142,62,243,205,369,118,129,255,442,553,225,214
687,2020-11-19 00:00:00+00:00,177,155,225,183,163,61,73,202,232,85,326,157,151,107,145,59,243,195,354,108,154,261,500,649,261,219
688,2020-11-20 00:00:00+00:00,173,159,221,199,172,83,102,202,218,102,426,174,159,101,138,36,252,209,380,109,157,300,527,730,279,237
689,2020-11-21 00:00:00+00:00,141,157,179,184,132,57,64,202,220,82,415,121,146,97,101,22,245,203,349,113,143,305,529,690,277,187
690,2020-11-22 00:00:00+00:00,165,170,217,214,145,79,82,207,214,75,386,164,134,86,143,33,233,198,101,107,146,314,521,649,285,166
691,2020-11-23 00:00:00+00:00,137,155,216,195,158,68,72,196,200,80,455,136,112,88,156,81,197,204,136,83,149,283,552,561,266,231
692,2020-11-24 00:00:00+00:00,141,133,162,140,136,40,53,180,218,81,381,169,136,92,153,81,212,198,362,97,143,280,539,572,264,193
693,2020-11-25 00:00:00+00:00,171,139,180,164,149,60,67,181,228,81,375,184,148,104,170,87,252,216,390,115,145,293,536,648,266,222
694,2020-11-26 00:00:00+00:00,159,161,198,166,152,62,66,194,234,84,380,177,142,106,175,91,251,215,381,108,123,263,473,518,217,201
695,2020-11-27 00:00:00+00:00,188,151,223,180,174,71,97,188,209,87,387,186,165,115,155,76,261,221,396,112,133,183,380,350,216,224
696,2020-11-28 00:00:00+00:00,137,151,175,182,125,51,65,196,236,84,384,179,154,86,133,51,268,210,378,110,151,289,524,627,273,194
697,2020-11-29 00:00:00+00:00,161,165,220,208,148,77,86,197,189,78,400,171,131,76,171,67,94,213,370,108,156,323,542,764,284,159
698,2020-11-30 00:00:00+00:00,118,141,200,173,151,69,81,155,185,58,296,137,112,77,171,106,110,188,373,87,129,286,508,718,250,178
699,2020-12-01 00:00:00+00:00,145,123,173,141,144,49,42,177,212,88,353,168,129,107,192,116,214,217,373,107,143,269,519,571,261,217
700,2020-12-02 00:00:00+00:00,175,141,186,175,167,63,72,187,215,88,357,198,146,111,197,127,139,222,396,116,143,251,473,594,246,224
701,2020-12-03 00:00:00+00:00,166,150,208,184,196,63,86,193,228,94,372,181,141,107,206,129,201,215,391,96,157,247,467,630,271,222
702,2020-12-04 00:00:00+00:00,187,179,230,207,188,92,106,196,229,91,354,189,157,114,207,107,281,234,392,98,157,261,486,629,251,241
703,2020-12-05 00:00:00+00:00,146,183,189,195,143,69,73,204,211,84,393,151,148,103,157,83,295,209,224,102,162,259,476,582,239,217
704,2020-12-06 00:00:00+00:00,166,189,221,207,133,81,85,205,211,85,425,154,133,91,218,112,272,223,378,96,143,259,469,599,252,174
705,2020-12-07 00:00:00+00:00,151,205,228,188,144,80,83,193,195,79,381,138,115,108,220,144,237,218,384,86,154,257,492,615,258,232
706,2020-12-08 00:00:00+00:00,156,174,184,154,152,63,56,176,213,74,389,174,122,106,235,140,231,213,292,91,139,240,467,482,219,214
707,2020-12-09 00:00:00+00:00,180,195,198,194,168,78,77,183,224,83,393,88,141,119,239,141,274,233,224,98,142,230,450,542,222,242
708,2020-12-10 00:00:00+00:00,175,213,219,198,187,75,78,194,210,81,400,130,152,121,237,153,278,227,133,94,165,243,468,629,277,229
709,2020-12-11 00:00:00+00:00,197,222,236,214,194,93,112,204,230,94,431,190,157,110,231,123,293,226,337,99,164,258,491,632,262,247
710,2020-12-12 00:00:00+00:00,163,230,200,205,168,70,80,203,211,87,421,184,157,120,185,95,297,222,388,97,164,255,477,575,245,216
711,2020-12-13 00:00:00+00:00,181,229,235,227,171,88,97,207,208,82,409,141,136,98,233,127,278,214,402,95,155,242,462,605,265,174
712,2020-12-14 00:00:00+00:00,181,220,249,198,187,85,79,184,199,72,388,149,116,113,239,168,240,227,398,76,161,263,482,598,273,230
713,2020-12-15 00:00:00+00:00,189,179,206,176,175,60,64,180,206,76,369,183,125,125,228,168,260,223,382,96,152,239,472,488,233,231
714,2020-12-16 00:00:00+00:00,226,207,232,224,190,83,89,189,234,81,378,181,144,129,248,172,297,227,378,91,153,237,468,505,230,232
715,2020-12-17 00:00:00+00:00,223,276,265,247,209,90,111,190,232,83,390,118,152,136,244,178,293,226,390,98,182,270,520,645,147,252
716,2020-12-18 00:00:00+00:00,269,286,301,279,236,119,155,194,235,97,418,174,160,135,229,140,293,236,430,107,204,300,582,716,301,256
717,2020-12-19 00:00:00+00:00,251,307,299,289,219,115,152,202,225,85,425,174,161,136,187,118,302,236,409,98,207,320,585,691,311,243
718,2020-12-20 00:00:00+00:00,257,285,300,273,215,125,136,209,195,79,408,168,145,131,230,136,281,232,408,104,202,314,587,698,306,203
719,2020-12-21 00:00:00+00:00,216,234,275,259,216,97,115,200,193,73,376,146,119,127,208,157,234,224,413,82,175,295,565,689,314,257
720,2020-12-22 00:00:00+00:00,234,190,226,203,221,95,83,178,199,75,383,156,140,125,173,163,246,218,364,103,165,298,578,718,297,256
721,2020-12-23 00:00:00+00:00,253,196,273,222,226,115,110,190,201,83,369,87,149,134,193,161,290,243,438,91,183,287,587,676,306,252
722,2020-12-24 00:00:00+00:00,211,168,233,145,169,79,74,203,196,87,380,161,152,100,153,127,254,240,432,91,162,283,525,622,276,249
723,2020-12-25 00:00:00+00:00,146,95,191,108,109,53,77,217,184,91,469,174,157,101,114,103,256,238,443,100,116,193,387,420,187,188
724,2020-12-26 00:00:00+00:00,206,142,221,201,176,68,98,231,169,93,508,130,149,116,117,110,266,169,422,101,175,259,479,539,230,225
725,2020-12-27 00:00:00+00:00,245,162,281,219,196,106,110,229,160,83,492,71,136,108,147,120,271,219,434,95,195,293,587,677,268,215
726,2020-12-28 00:00:00+00:00,211,153,260,185,186,94,106,212,150,74,460,115,116,102,111,117,224,200,408,74,187,287,548,687,283,239
727,2020-12-29 00:00:00+00:00,208,127,214,168,166,74,66,217,193,91,439,168,124,126,139,152,249,224,410,96,161,284,557,684,277,235
728,2020-12-30 00:00:00+00:00,245,161,260,186,187,95,95,214,178,89,408,177,136,109,155,149,265,237,423,97,175,300,550,607,287,248
729,2020-12-31 00:00:00+00:00,185,118,196,123,138,53,52,176,171,84,361,157,129,100,90,118,214,224,415,88,139,278,531,637,279,220
